id,year,week,startdate,enddate,positive_rate
201101,2011,1,2011/1/10,2011/1/16,0
201102,2011,2,2011/1/17,2011/1/23,0
201103,2011,3,2011/1/24,2011/1/30,0
201104,2011,4,2011/1/31,2011/2/6,0
201105,2011,5,2011/2/7,2011/2/13,0
201106,2011,6,2011/2/14,2011/2/20,0
201107,2011,7,2011/2/21,2011/2/27,0
201108,2011,8,2011/2/28,2011/3/6,0
201109,2011,9,2011/3/7,2011/3/13,0
201110,2011,10,2011/3/14,2011/3/20,0
201111,2011,11,2011/3/21,2011/3/27,0
201112,2011,12,2011/3/28,2011/4/3,0
201113,2011,13,2011/4/4,2011/4/10,0
201114,2011,14,2011/4/11,2011/4/17,0.096155263
201115,2011,15,2011/4/18,2011/4/24,0.075711734
201116,2011,16,2011/4/25,2011/5/1,0.068058399
201117,2011,17,2011/5/2,2011/5/8,0.058517016
201118,2011,18,2011/5/9,2011/5/15,0.053856291
201119,2011,19,2011/5/16,2011/5/22,0.051351941
201120,2011,20,2011/5/23,2011/5/29,0.046270108
201121,2011,21,2011/5/30,2011/6/5,0.050378301
201122,2011,22,2011/6/6,2011/6/12,0.03057597
201123,2011,23,2011/6/13,2011/6/19,0.028735041
201124,2011,24,2011/6/20,2011/6/26,0.02540696
201125,2011,25,2011/6/27,2011/7/3,0.02088008
201126,2011,26,2011/7/4,2011/7/10,0.021708674
201127,2011,27,2011/7/11,2011/7/17,0.020316927
201128,2011,28,2011/7/18,2011/7/24,0.022449487
201129,2011,29,2011/7/25,2011/7/31,0.024706455
201130,2011,30,2011/8/1,2011/8/7,0.029017781
201131,2011,31,2011/8/8,2011/8/14,0.026881753
201132,2011,32,2011/8/15,2011/8/21,0.032658353
201133,2011,33,2011/8/22,2011/8/28,0.036437924
201134,2011,34,2011/8/29,2011/9/4,0.035305486
201135,2011,35,2011/9/5,2011/9/11,0.035107601
201136,2011,36,2011/9/12,2011/9/18,0.037863745
201137,2011,37,2011/9/19,2011/9/25,0.03533145
201138,2011,38,2011/9/26,2011/10/2,0.029085794
201139,2011,39,2011/10/3,2011/10/9,0.034848326
201140,2011,40,2011/10/10,2011/10/16,0.045318412
201141,2011,41,2011/10/17,2011/10/23,0.032610381
201142,2011,42,2011/10/24,2011/10/30,0.031587587
201143,2011,43,2011/10/31,2011/11/6,0.038505803
201144,2011,44,2011/11/7,2011/11/13,0.042009162
201145,2011,45,2011/11/14,2011/11/20,0.062884929
201146,2011,46,2011/11/21,2011/11/27,0.067108325
201147,2011,47,2011/11/28,2011/12/4,0.066111455
201148,2011,48,2011/12/5,2011/12/11,0.074769547
201149,2011,49,2011/12/12,2011/12/18,0.096125691
201150,2011,50,2011/12/19,2011/12/25,0.132145538
201151,2011,51,2011/12/26,2012/1/1,0.188325988
201152,2011,52,2012/1/2,2012/1/8,0.261620186
201201,2012,1,2012/1/9,2012/1/15,0.240714082
201202,2012,2,2012/1/16,2012/1/22,0.349983456
201203,2012,3,2012/1/23,2012/1/29,0.327029745
201204,2012,4,2012/1/30,2012/2/5,0.326538345
201205,2012,5,2012/2/6,2012/2/12,0.326091328
201206,2012,6,2012/2/13,2012/2/19,0.324976799
201207,2012,7,2012/2/20,2012/2/26,0.406861259
201208,2012,8,2012/2/27,2012/3/4,0.410620828
201209,2012,9,2012/3/5,2012/3/11,0.407803371
201210,2012,10,2012/3/12,2012/3/18,0.393093147
201211,2012,11,2012/3/19,2012/3/25,0.347402056
201212,2012,12,2012/3/26,2012/4/1,0.279035039
201213,2012,13,2012/4/2,2012/4/8,0.243907899
201214,2012,14,2012/4/9,2012/4/15,0.200899602
201215,2012,15,2012/4/16,2012/4/22,0.152999056
201216,2012,16,2012/4/23,2012/4/29,0.127515676
201217,2012,17,2012/4/30,2012/5/6,0.109708949
201218,2012,18,2012/5/7,2012/5/13,0.094053179
201219,2012,19,2012/5/14,2012/5/20,0.090507429
201220,2012,20,2012/5/21,2012/5/27,0.104862081
201221,2012,21,2012/5/28,2012/6/3,0.127490656
201222,2012,22,2012/6/4,2012/6/10,0.116516734
201223,2012,23,2012/6/11,2012/6/17,0.102860364
201224,2012,24,2012/6/18,2012/6/24,0.115815351
201225,2012,25,2012/6/25,2012/7/1,0.115520519
201226,2012,26,2012/7/2,2012/7/8,0.165210157
201227,2012,27,2012/7/9,2012/7/15,0.206222596
201228,2012,28,2012/7/16,2012/7/22,0.229534979
201229,2012,29,2012/7/23,2012/7/29,0.238228362
201230,2012,30,2012/7/30,2012/8/5,0.28148025
201231,2012,31,2012/8/6,2012/8/12,0.244590665
201232,2012,32,2012/8/13,2012/8/19,0.221148686
201233,2012,33,2012/8/20,2012/8/26,0.174638162
201234,2012,34,2012/8/27,2012/9/2,0.155051316
201235,2012,35,2012/9/3,2012/9/9,0.145087567
201236,2012,36,2012/9/10,2012/9/16,0.114187663
201237,2012,37,2012/9/17,2012/9/23,0.087481795
201238,2012,38,2012/9/24,2012/9/30,0.054298317
201239,2012,39,2012/10/1,2012/10/7,0.036660579
201240,2012,40,2012/10/8,2012/10/14,0.028159077
201241,2012,41,2012/10/15,2012/10/21,0.024490837
201242,2012,42,2012/10/22,2012/10/28,0.020249687
201243,2012,43,2012/10/29,2012/11/4,0.026988341
201244,2012,44,2012/11/5,2012/11/11,0.023470763
201245,2012,45,2012/11/12,2012/11/18,0.019957199
201246,2012,46,2012/11/19,2012/11/25,0.034205467
201247,2012,47,2012/11/26,2012/12/2,0.044735007
201248,2012,48,2012/12/3,2012/12/9,0.024861451
201249,2012,49,2012/12/10,2012/12/16,0.031796145
201250,2012,50,2012/12/17,2012/12/23,0.038299787
201251,2012,51,2012/12/24,2012/12/30,0.039630341
201252,2012,52,2012/12/31,2013/1/6,0.061751582
201301,2013,1,2013/1/7,2013/1/13,0.068433128
201302,2013,2,2013/1/14,2013/1/20,0.082731743
201303,2013,3,2013/1/21,2013/1/27,0.122551595
201304,2013,4,2013/1/28,2013/2/3,0.133398217
201305,2013,5,2013/2/4,2013/2/10,0.1301208
201306,2013,6,2013/2/11,2013/2/17,0.10149476
201307,2013,7,2013/2/18,2013/2/24,0.134159652
201308,2013,8,2013/2/25,2013/3/3,0.142226421
201309,2013,9,2013/3/4,2013/3/10,0.139720237
201310,2013,10,2013/3/11,2013/3/17,0.15372576
201311,2013,11,2013/3/18,2013/3/24,0.144899013
201312,2013,12,2013/3/25,2013/3/31,0.137732596
201313,2013,13,2013/4/1,2013/4/7,0.11579221
201314,2013,14,2013/4/8,2013/4/14,0.098900844
201315,2013,15,2013/4/15,2013/4/21,0.101012212
201316,2013,16,2013/4/22,2013/4/28,0.094774561
201317,2013,17,2013/4/29,2013/5/5,0.094729758
201318,2013,18,2013/5/6,2013/5/12,0.091884537
201319,2013,19,2013/5/13,2013/5/19,0.069083011
201320,2013,20,2013/5/20,2013/5/26,0.05319676
201321,2013,21,2013/5/27,2013/6/2,0.047790359
201322,2013,22,2013/6/3,2013/6/9,0.041548907
201323,2013,23,2013/6/10,2013/6/16,0.039710616
201324,2013,24,2013/6/17,2013/6/23,0.038207196
201325,2013,25,2013/6/24,2013/6/30,0.029719566
201326,2013,26,2013/7/1,2013/7/7,0.048872236
201327,2013,27,2013/7/8,2013/7/14,0.042202404
201328,2013,28,2013/7/15,2013/7/21,0.029542364
201329,2013,29,2013/7/22,2013/7/28,0.031906249
201330,2013,30,2013/7/29,2013/8/4,0.039596804
201331,2013,31,2013/8/5,2013/8/11,0.041342552
201332,2013,32,2013/8/12,2013/8/18,0.03508254
201333,2013,33,2013/8/19,2013/8/25,0.049118706
201334,2013,34,2013/8/26,2013/9/1,0.032311045
201335,2013,35,2013/9/2,2013/9/8,0.052688172
201336,2013,36,2013/9/9,2013/9/15,0.055599689
201337,2013,37,2013/9/16,2013/9/22,0.073090504
201338,2013,38,2013/9/23,2013/9/29,0.07519867
201339,2013,39,2013/9/30,2013/10/6,0.065331025
201340,2013,40,2013/10/7,2013/10/13,0.07480869
201341,2013,41,2013/10/14,2013/10/20,0.063416903
201342,2013,42,2013/10/21,2013/10/27,0.067611456
201343,2013,43,2013/10/28,2013/11/3,0.076373388
201344,2013,44,2013/11/4,2013/11/10,0.088343667
201345,2013,45,2013/11/11,2013/11/17,0.100639022
201346,2013,46,2013/11/18,2013/11/24,0.115364145
201347,2013,47,2013/11/25,2013/12/1,0.13789544
201348,2013,48,2013/12/2,2013/12/8,0.184341809
201349,2013,49,2013/12/9,2013/12/15,0.232349812
201350,2013,50,2013/12/16,2013/12/22,0.258046114
201351,2013,51,2013/12/23,2013/12/29,0.293778285
201352,2013,52,2013/12/30,2014/1/5,0.353197155
201401,2014,1,2014/1/6,2014/1/12,0.233684949
201402,2014,2,2014/1/13,2014/1/19,0.384352519
201403,2014,3,2014/1/20,2014/1/26,0.377191096
201404,2014,4,2014/1/27,2014/2/2,0.348833105
201405,2014,5,2014/2/3,2014/2/9,0.326579519
201406,2014,6,2014/2/10,2014/2/16,0.27853177
201407,2014,7,2014/2/17,2014/2/23,0.244060141
201408,2014,8,2014/2/24,2014/3/2,0.243779143
201409,2014,9,2014/3/3,2014/3/9,0.243001762
201410,2014,10,2014/3/10,2014/3/16,0.220338452
201411,2014,11,2014/3/17,2014/3/23,0.188389876
201412,2014,12,2014/3/24,2014/3/30,0.156351644
201413,2014,13,2014/3/31,2014/4/6,0.128091661
201414,2014,14,2014/4/7,2014/4/13,0.096840751
201415,2014,15,2014/4/14,2014/4/20,0.065894251
201416,2014,16,2014/4/21,2014/4/27,0.057584456
201417,2014,17,2014/4/28,2014/5/4,0.053785329
201418,2014,18,2014/5/5,2014/5/11,0.051590997
201419,2014,19,2014/5/12,2014/5/18,0.047948121
201420,2014,20,2014/5/19,2014/5/25,0.051471616
201421,2014,21,2014/5/26,2014/6/1,0.058684136
201422,2014,22,2014/6/2,2014/6/8,0.06323187
201423,2014,23,2014/6/9,2014/6/15,0.075113526
201424,2014,24,2014/6/16,2014/6/22,0.097650384
201425,2014,25,2014/6/23,2014/6/29,0.11095495
201426,2014,26,2014/6/30,2014/7/6,0.146546597
201427,2014,27,2014/7/7,2014/7/13,0.15709544
201428,2014,28,2014/7/14,2014/7/20,0.186603839
201429,2014,29,2014/7/21,2014/7/27,0.213473825
201430,2014,30,2014/7/28,2014/8/3,0.230712042
201431,2014,31,2014/8/4,2014/8/10,0.229143999
201432,2014,32,2014/8/11,2014/8/17,0.204817232
201433,2014,33,2014/8/18,2014/8/24,0.195741551
201434,2014,34,2014/8/25,2014/8/31,0.172070213
201435,2014,35,2014/9/1,2014/9/7,0.157272596
201436,2014,36,2014/9/8,2014/9/14,0.131832639
201437,2014,37,2014/9/15,2014/9/21,0.108687627
201438,2014,38,2014/9/22,2014/9/28,0.086250772
201439,2014,39,2014/9/29,2014/10/5,0.062307012
201440,2014,40,2014/10/6,2014/10/12,0.046504683
201441,2014,41,2014/10/13,2014/10/19,0.03495255
201442,2014,42,2014/10/20,2014/10/26,0.027705842
201443,2014,43,2014/10/27,2014/11/2,0.031702519
201444,2014,44,2014/11/3,2014/11/9,0.02199465
201445,2014,45,2014/11/10,2014/11/16,0.02417399
201446,2014,46,2014/11/17,2014/11/23,0.031516196
201447,2014,47,2014/11/24,2014/11/30,0.040719342
201448,2014,48,2014/12/1,2014/12/7,0.034193379
201449,2014,49,2014/12/8,2014/12/14,0.045124894
201450,2014,50,2014/12/15,2014/12/21,0.062318095
201451,2014,51,2014/12/22,2014/12/28,0.077836752
201452,2014,52,2014/12/29,2015/1/4,0.113365669
201501,2015,1,2015/1/5,2015/1/11,0.173046682
201502,2015,2,2015/1/12,2015/1/18,0.169362962
201503,2015,3,2015/1/19,2015/1/25,0.213938571
201504,2015,4,2015/1/26,2015/2/1,0.223756652
201505,2015,5,2015/2/2,2015/2/8,0.198710896
201506,2015,6,2015/2/9,2015/2/15,0.185313454
201507,2015,7,2015/2/16,2015/2/22,0.180620266
201508,2015,8,2015/2/23,2015/3/1,0.163341524
201509,2015,9,2015/3/2,2015/3/8,0.164561649
201510,2015,10,2015/3/9,2015/3/15,0.132236486
201511,2015,11,2015/3/16,2015/3/22,0.150864707
201512,2015,12,2015/3/23,2015/3/29,0.142366324
201513,2015,13,2015/3/30,2015/4/5,0.122508613
201514,2015,14,2015/4/6,2015/4/12,0.105571581
201515,2015,15,2015/4/13,2015/4/19,0.088735821
201516,2015,16,2015/4/20,2015/4/26,0.084259892
201517,2015,17,2015/4/27,2015/5/3,0.069758228
201518,2015,18,2015/5/4,2015/5/10,0.066736371
201519,2015,19,2015/5/11,2015/5/17,0.065027277
201520,2015,20,2015/5/18,2015/5/24,0.052031376
201521,2015,21,2015/5/25,2015/5/31,0.056212261
201522,2015,22,2015/6/1,2015/6/7,0.07473877
201523,2015,23,2015/6/8,2015/6/14,0.109703157
201524,2015,24,2015/6/15,2015/6/21,0.139690019
201525,2015,25,2015/6/22,2015/6/28,0.182253023
201526,2015,26,2015/6/29,2015/7/5,0.202550082
201527,2015,27,2015/7/6,2015/7/12,0.232023986
201528,2015,28,2015/7/13,2015/7/19,0.234314836
201529,2015,29,2015/7/20,2015/7/26,0.231524028
201530,2015,30,2015/7/27,2015/8/2,0.246786771
201531,2015,31,2015/8/3,2015/8/9,0.261667745
201532,2015,32,2015/8/10,2015/8/16,0.210826862
201533,2015,33,2015/8/17,2015/8/23,0.1836022
201534,2015,34,2015/8/24,2015/8/30,0.166075656
201535,2015,35,2015/8/31,2015/9/6,0.139493454
201536,2015,36,2015/9/7,2015/9/13,0.108027
201537,2015,37,2015/9/14,2015/9/20,0.078959611
201538,2015,38,2015/9/21,2015/9/27,0.062134601
201539,2015,39,2015/9/28,2015/10/4,0.047010472
201540,2015,40,2015/10/5,2015/10/11,0.04588344
201541,2015,41,2015/10/12,2015/10/18,0.042458312
201542,2015,42,2015/10/19,2015/10/25,0.030075306
201543,2015,43,2015/10/26,2015/11/1,0.030589526
201544,2015,44,2015/11/2,2015/11/8,0.022306796
201545,2015,45,2015/11/9,2015/11/15,0.025758157
201546,2015,46,2015/11/16,2015/11/22,0.02811232
201547,2015,47,2015/11/23,2015/11/29,0.032052215
201548,2015,48,2015/11/30,2015/12/6,0.037938996
201549,2015,49,2015/12/7,2015/12/13,0.053580043
201550,2015,50,2015/12/14,2015/12/20,0.058822752
201551,2015,51,2015/12/21,2015/12/27,0.078386474
201552,2015,52,2015/12/28,2016/1/3,0.097112801
201601,2016,1,2016/1/4,2016/1/10,0.131656839
201602,2016,2,2016/1/11,2016/1/17,0.16084441
201603,2016,3,2016/1/18,2016/1/24,0.177303271
201604,2016,4,2016/1/25,2016/1/31,0.181651162
201605,2016,5,2016/2/1,2016/2/7,0.205805246
201606,2016,6,2016/2/8,2016/2/14,0.209336235
201607,2016,7,2016/2/15,2016/2/21,0.204457717
201608,2016,8,2016/2/22,2016/2/28,0.234591808
201609,2016,9,2016/2/29,2016/3/6,0.260677298
201610,2016,10,2016/3/7,2016/3/13,0.288409407
201611,2016,11,2016/3/14,2016/3/20,0.287524954
201612,2016,12,2016/3/21,2016/3/27,0.317651069
201613,2016,13,2016/3/28,2016/4/3,0.316031702
201614,2016,14,2016/4/4,2016/4/10,0.302475401
201615,2016,15,2016/4/11,2016/4/17,0.266018018
201616,2016,16,2016/4/18,2016/4/24,0.210725769
201617,2016,17,2016/4/25,2016/5/1,0.184139568
201618,2016,18,2016/5/2,2016/5/8,0.138320592
201619,2016,19,2016/5/9,2016/5/15,0.104924306
201620,2016,20,2016/5/16,2016/5/22,0.088906072
201621,2016,21,2016/5/23,2016/5/29,0.072679639
201622,2016,22,2016/5/30,2016/6/5,0.060555941
201623,2016,23,2016/6/6,2016/6/12,0.05323315
201624,2016,24,2016/6/13,2016/6/19,0.039882616
201625,2016,25,2016/6/20,2016/6/26,0.03324568
201626,2016,26,2016/6/27,2016/7/3,0.02925724
201627,2016,27,2016/7/4,2016/7/10,0.026163987
201628,2016,28,2016/7/11,2016/7/17,0.021823831
201629,2016,29,2016/7/18,2016/7/24,0.02448941
201630,2016,30,2016/7/25,2016/7/31,0.01965511
201631,2016,31,2016/8/1,2016/8/7,0.019632751
201632,2016,32,2016/8/8,2016/8/14,0.026190865
201633,2016,33,2016/8/15,2016/8/21,0.032933878
201634,2016,34,2016/8/22,2016/8/28,0.042746804
201635,2016,35,2016/8/29,2016/9/4,0.043938351
201636,2016,36,2016/9/5,2016/9/11,0.053538066
201637,2016,37,2016/9/12,2016/9/18,0.057899806
201638,2016,38,2016/9/19,2016/9/25,0.063759395
201639,2016,39,2016/9/26,2016/10/2,0.071414833
201640,2016,40,2016/10/3,2016/10/9,0.082633208
201641,2016,41,2016/10/10,2016/10/16,0.091678789
201642,2016,42,2016/10/17,2016/10/23,0.116131347
201643,2016,43,2016/10/24,2016/10/30,0.138226955
201644,2016,44,2016/10/31,2016/11/6,0.16383891
201645,2016,45,2016/11/7,2016/11/13,0.181117479
201646,2016,46,2016/11/14,2016/11/20,0.203490845
201647,2016,47,2016/11/21,2016/11/27,0.187279281
201648,2016,48,2016/11/28,2016/12/4,0.209827317
201649,2016,49,2016/12/5,2016/12/11,0.209604273
201650,2016,50,2016/12/12,2016/12/18,0.190167782
201651,2016,51,2016/12/19,2016/12/25,0.20472048
201652,2016,52,2016/12/26,2017/1/1,0.177210226
201701,2017,1,2017/1/2,2017/1/8,0.169802229
201702,2017,2,2017/1/9,2017/1/15,0.142558041
201703,2017,3,2017/1/16,2017/1/22,0.125206076
201704,2017,4,2017/1/23,2017/1/29,0.110124473
201705,2017,5,2017/1/30,2017/2/5,0.095727923
201706,2017,6,2017/2/6,2017/2/12,0.101648049
201707,2017,7,2017/2/13,2017/2/19,0.104204396
201708,2017,8,2017/2/20,2017/2/26,0.103328929
201709,2017,9,2017/2/27,2017/3/5,0.119031423
201710,2017,10,2017/3/6,2017/3/12,0.126232798
201711,2017,11,2017/3/13,2017/3/19,0.123498142
201712,2017,12,2017/3/20,2017/3/26,0.139535821
201713,2017,13,2017/3/27,2017/4/2,0.153280585
201714,2017,14,2017/4/3,2017/4/9,0.150384403
201715,2017,15,2017/4/10,2017/4/16,0.140395736
201716,2017,16,2017/4/17,2017/4/23,0.129698192
201717,2017,17,2017/4/24,2017/4/30,0.125805597
201718,2017,18,2017/5/1,2017/5/7,0.117561858
201719,2017,19,2017/5/8,2017/5/14,0.109436892
201720,2017,20,2017/5/15,2017/5/21,0.100144405
201721,2017,21,2017/5/22,2017/5/28,0.084502403
201722,2017,22,2017/5/29,2017/6/4,0.07324649
201723,2017,23,2017/6/5,2017/6/11,0.063950734
201724,2017,24,2017/6/12,2017/6/18,0.06205287
201725,2017,25,2017/6/19,2017/6/25,0.072172288
201726,2017,26,2017/6/26,2017/7/2,0.099078175
201727,2017,27,2017/7/3,2017/7/9,0.123987878
201728,2017,28,2017/7/10,2017/7/16,0.177047664
201729,2017,29,2017/7/17,2017/7/23,0.221787616
201730,2017,30,2017/7/24,2017/7/30,0.238322182
201731,2017,31,2017/7/31,2017/8/6,0.228382282
201732,2017,32,2017/8/7,2017/8/13,0.250476723
201733,2017,33,2017/8/14,2017/8/20,0.256966206
201734,2017,34,2017/8/21,2017/8/27,0.267358204
201735,2017,35,2017/8/28,2017/9/3,0.258035941
201736,2017,36,2017/9/4,2017/9/10,0.241799517
201737,2017,37,2017/9/11,2017/9/17,0.238991269
201738,2017,38,2017/9/18,2017/9/24,0.168803282
201739,2017,39,2017/9/25,2017/10/1,0.147592454
201740,2017,40,2017/10/2,2017/10/8,0.126766306
201741,2017,41,2017/10/9,2017/10/15,0.120627224
201742,2017,42,2017/10/16,2017/10/22,0.12344457
201743,2017,43,2017/10/23,2017/10/29,0.117488934
201744,2017,44,2017/10/30,2017/11/5,0.121941446
201745,2017,45,2017/11/6,2017/11/12,0.139382843
201746,2017,46,2017/11/13,2017/11/19,0.146590707
201747,2017,47,2017/11/20,2017/11/26,0.172246976
201748,2017,48,2017/11/27,2017/12/3,0.213429811
201749,2017,49,2017/12/4,2017/12/10,0.249162369
201750,2017,50,2017/12/11,2017/12/17,0.297705672
201751,2017,51,2017/12/18,2017/12/24,0.352713645
201752,2017,52,2017/12/25,2017/12/31,0.388155395
201801,2018,1,2018/1/1,2018/1/7,0.418533848
201802,2018,2,2018/1/8,2018/1/14,0.446431872
201803,2018,3,2018/1/15,2018/1/21,0.466587063
201804,2018,4,2018/1/22,2018/1/28,0.439554909
201805,2018,5,2018/1/29,2018/2/4,0.413664855
201806,2018,6,2018/2/5,2018/2/11,0.383230503
201807,2018,7,2018/2/12,2018/2/18,0.34740217
201808,2018,8,2018/2/19,2018/2/25,0.347993807
201809,2018,9,2018/2/26,2018/3/4,0.304421601
201810,2018,10,2018/3/5,2018/3/11,0.242348915
201811,2018,11,2018/3/12,2018/3/18,0.194489716
201812,2018,12,2018/3/19,2018/3/25,0.13487832
201813,2018,13,2018/3/26,2018/4/1,0.094628799
201814,2018,14,2018/4/2,2018/4/8,0.071695379
201815,2018,15,2018/4/9,2018/4/15,0.051181736
201816,2018,16,2018/4/16,2018/4/22,0.040920395
201817,2018,17,2018/4/23,2018/4/29,0.03367986
201818,2018,18,2018/4/30,2018/5/6,0.025525901
201819,2018,19,2018/5/7,2018/5/13,0.028318627
201820,2018,20,2018/5/14,2018/5/20,0.021542449
201821,2018,21,2018/5/21,2018/5/27,0.025745777
201822,2018,22,2018/5/28,2018/6/3,0.025687419
201823,2018,23,2018/6/4,2018/6/10,0.016030392
201824,2018,24,2018/6/11,2018/6/17,0.015041439
201825,2018,25,2018/6/18,2018/6/24,0.021451441
201826,2018,26,2018/6/25,2018/7/1,0.011850347
201827,2018,27,2018/7/2,2018/7/8,0.015683018
201828,2018,28,2018/7/9,2018/7/15,0.012552557
201829,2018,29,2018/7/16,2018/7/22,0.013384975
201830,2018,30,2018/7/23,2018/7/29,0.015869724
201831,2018,31,2018/7/30,2018/8/5,0.011452011
201832,2018,32,2018/8/6,2018/8/12,0.008001719
201833,2018,33,2018/8/13,2018/8/19,0.011287744
201834,2018,34,2018/8/20,2018/8/26,0.012096145
201835,2018,35,2018/8/27,2018/9/2,0.010353631
201836,2018,36,2018/9/3,2018/9/9,0.010915448
201837,2018,37,2018/9/10,2018/9/16,0.010863433
201838,2018,38,2018/9/17,2018/9/23,0.011950609
201839,2018,39,2018/9/24,2018/9/30,0.01409831
201840,2018,40,2018/10/1,2018/10/7,0.006498409
201841,2018,41,2018/10/8,2018/10/14,0.008261455
201842,2018,42,2018/10/15,2018/10/21,0.009334053
201843,2018,43,2018/10/22,2018/10/28,0.015925355
201844,2018,44,2018/10/29,2018/11/4,0.01834978
201845,2018,45,2018/11/5,2018/11/11,0.022849915
201846,2018,46,2018/11/12,2018/11/18,0.031414051
201847,2018,47,2018/11/19,2018/11/25,0.044645682
201848,2018,48,2018/11/26,2018/12/2,0.066153525
201849,2018,49,2018/12/3,2018/12/9,0.083794733
201850,2018,50,2018/12/10,2018/12/16,0.123732847
201851,2018,51,2018/12/17,2018/12/23,0.177412491
201852,2018,52,2018/12/24,2018/12/30,0.240069328
201901,2019,1,2018/12/31,2019/1/6,0.330976458
201902,2019,2,2019/1/7,2019/1/13,0.411079858
201903,2019,3,2019/1/14,2019/1/20,0.456865765
201904,2019,4,2019/1/21,2019/1/27,0.440495262
201905,2019,5,2019/1/28,2019/2/3,0.442269855
201906,2019,6,2019/2/4,2019/2/10,0.391818804
201907,2019,7,2019/2/11,2019/2/17,0.353094122
201908,2019,8,2019/2/18,2019/2/24,0.335433083
201909,2019,9,2019/2/25,2019/3/3,0.323040631
201910,2019,10,2019/3/4,2019/3/10,0.334021308
201911,2019,11,2019/3/11,2019/3/17,0.328510129
201912,2019,12,2019/3/18,2019/3/24,0.304072748
201913,2019,13,2019/3/25,2019/3/31,0.300541057
201914,2019,14,2019/4/1,2019/4/7,0.27904966
201915,2019,15,2019/4/8,2019/4/14,0.266208189
201916,2019,16,2019/4/15,2019/4/21,0.254503307
201917,2019,17,2019/4/22,2019/4/28,0.234708478
201918,2019,18,2019/4/29,2019/5/5,0.210785112
201919,2019,19,2019/5/6,2019/5/12,0.212253453
201920,2019,20,2019/5/13,2019/5/19,0.217383645
201921,2019,21,2019/5/20,2019/5/26,0.197506063
201922,2019,22,2019/5/27,2019/6/2,0.175894256
201923,2019,23,2019/6/3,2019/6/9,0.164058742
201924,2019,24,2019/6/10,2019/6/16,0.13889285
201925,2019,25,2019/6/17,2019/6/23,0.138407017
201926,2019,26,2019/6/24,2019/6/30,0.050394554
201927,2019,27,2019/7/1,2019/7/7,0.037537701
201928,2019,28,2019/7/8,2019/7/14,0.041926802
201929,2019,29,2019/7/15,2019/7/21,0.048360955
201930,2019,30,2019/7/22,2019/7/28,0.043897943
201931,2019,31,2019/7/29,2019/8/4,0.041922175
201932,2019,32,2019/8/5,2019/8/11,0.044953996
201933,2019,33,2019/8/12,2019/8/18,0.038017399
201934,2019,34,2019/8/19,2019/8/25,0.030360326
201935,2019,35,2019/8/26,2019/9/1,0.029001217
201936,2019,36,2019/9/2,2019/9/8,0.030528818
201937,2019,37,2019/9/9,2019/9/15,0.041324105
201938,2019,38,2019/9/16,2019/9/22,0.030062628
201939,2019,39,2019/9/23,2019/9/29,0.028799396
201940,2019,40,2019/9/30,2019/10/6,0.031989263
201941,2019,41,2019/10/7,2019/10/13,0.027397737
201942,2019,42,2019/10/14,2019/10/20,0.039460999
201943,2019,43,2019/10/21,2019/10/27,0.03889964
201944,2019,44,2019/10/28,2019/11/3,0.052328573
201945,2019,45,2019/11/4,2019/11/10,0.053725838
201946,2019,46,2019/11/11,2019/11/17,0.067645571
201947,2019,47,2019/11/18,2019/11/24,0.100874174
201948,2019,48,2019/11/25,2019/12/1,0.13037635
201949,2019,49,2019/12/2,2019/12/8,0.157973456
201950,2019,50,2019/12/9,2019/12/15,0.250859802
201951,2019,51,2019/12/16,2019/12/22,0.316293532
201952,2019,52,2019/12/23,2019/12/29,0.349223486
202001,2020,1,2019/12/30,2020/1/5,0.365024689
202002,2020,2,2020/1/6,2020/1/12,0.385585018
202003,2020,3,2020/1/13,2020/1/19,0.358455922
202004,2020,4,2020/1/20,2020/1/26,0.338038337
202005,2020,5,2020/1/27,2020/2/2,0.233189482
202006,2020,6,2020/2/3,2020/2/9,0.081789964
202007,2020,7,2020/2/10,2020/2/16,0.034918447
202008,2020,8,2020/2/17,2020/2/23,0.010364808
202009,2020,9,2020/2/24,2020/3/1,0.01999944
202010,2020,10,2020/3/2,2020/3/8,0.005968611
202011,2020,11,2020/3/9,2020/3/15,0.007987541
202012,2020,12,2020/3/16,2020/3/22,0.008528146
202013,2020,13,2020/3/23,2020/3/29,0.005864142
202014,2020,14,2020/3/30,2020/4/5,0.002538787
202015,2020,15,2020/4/6,2020/4/12,0.001778907
202016,2020,16,2020/4/13,2020/4/19,0.001755413
202017,2020,17,2020/4/20,2020/4/26,0.00101626
202018,2020,18,2020/4/27,2020/5/3,0
202019,2020,19,2020/5/4,2020/5/10,0.000261097
202020,2020,20,2020/5/11,2020/5/17,0.000265463
202021,2020,21,2020/5/18,2020/5/24,0
202022,2020,22,2020/5/25,2020/5/31,0
202023,2020,23,2020/6/1,2020/6/7,0
202024,2020,24,2020/6/8,2020/6/14,0.003453039
202025,2020,25,2020/6/15,2020/6/21,0.000670991
202026,2020,26,2020/6/22,2020/6/28,0
202027,2020,27,2020/6/29,2020/7/5,0
202028,2020,28,2020/7/6,2020/7/12,0.000266809
202029,2020,29,2020/7/13,2020/7/19,0.000268673
202030,2020,30,2020/7/20,2020/7/26,0.000283046
202031,2020,31,2020/7/27,2020/8/2,0.00056243
202032,2020,32,2020/8/3,2020/8/9,0
202033,2020,33,2020/8/10,2020/8/16,0.000526593
202034,2020,34,2020/8/17,2020/8/23,0.000460299
202035,2020,35,2020/8/24,2020/8/30,0.000277085
202036,2020,36,2020/8/31,2020/9/6,0
202037,2020,37,2020/9/7,2020/9/13,0.00078329
202038,2020,38,2020/9/14,2020/9/20,0.000424719
202039,2020,39,2020/9/21,2020/9/27,0.00026137
202040,2020,40,2020/9/28,2020/10/4,0.001149954
202041,2020,41,2020/10/5,2020/10/11,0.00027465
202042,2020,42,2020/10/12,2020/10/18,0
202043,2020,43,2020/10/19,2020/10/25,0.000459982
202044,2020,44,2020/10/26,2020/11/1,0.001364877
202045,2020,45,2020/11/2,2020/11/8,0.000446528
202046,2020,46,2020/11/9,2020/11/15,0.001141553
202047,2020,47,2020/11/16,2020/11/22,0.001707942
202048,2020,48,2020/11/23,2020/11/29,0.000625521
202049,2020,49,2020/11/30,2020/12/6,0.004374089
202050,2020,50,2020/12/7,2020/12/13,0.005716799
202051,2020,51,2020/12/14,2020/12/20,0.007682458
202052,2020,52,2020/12/21,2020/12/27,0.012876428
202053,2020,53,2020/12/28,2021/1/3,0.011876988
202101,2021,1,2021/1/4,2021/1/10,0.024327532
202102,2021,2,2021/1/11,2021/1/17,0.0256626
202103,2021,3,2021/1/18,2021/1/24,0.03328355
202104,2021,4,2021/1/25,2021/1/31,0.029609408
202105,2021,5,2021/2/1,2021/2/7,0.024081878
202106,2021,6,2021/2/8,2021/2/14,0.013439522
202107,2021,7,2021/2/15,2021/2/21,0.012443168
202108,2021,8,2021/2/22,2021/2/28,0.01177394
202109,2021,9,2021/3/1,2021/3/7,0.014907573
202110,2021,10,2021/3/8,2021/3/14,0.015487964
202111,2021,11,2021/3/15,2021/3/21,0.026018303
202112,2021,12,2021/3/22,2021/3/28,0.026056746
202113,2021,13,2021/3/29,2021/4/4,0.021635076
202114,2021,14,2021/4/5,2021/4/11,0.019304243
202115,2021,15,2021/4/12,2021/4/18,0.021073559
202116,2021,16,2021/4/19,2021/4/25,0.02685909
202117,2021,17,2021/4/26,2021/5/2,0.034476227
202118,2021,18,2021/5/3,2021/5/9,0.03257591
202119,2021,19,2021/5/10,2021/5/16,0.027789214
202120,2021,20,2021/5/17,2021/5/23,0.029417611
202121,2021,21,2021/5/24,2021/5/30,0.039025284
202122,2021,22,2021/5/31,2021/6/6,0.043776993
202123,2021,23,2021/6/7,2021/6/13,0.045745856
202124,2021,24,2021/6/14,2021/6/20,0.040188115
202125,2021,25,2021/6/21,2021/6/27,0.035891892
202126,2021,26,2021/6/28,2021/7/4,0.030854606
202127,2021,27,2021/7/5,2021/7/11,0.03743684
202128,2021,28,2021/7/12,2021/7/18,0.047251049
202129,2021,29,2021/7/19,2021/7/25,0
202130,2021,30,2021/7/26,2021/8/1,0
202131,2021,31,2021/8/2,2021/8/8,0
202132,2021,32,2021/8/9,2021/8/15,0
202133,2021,33,2021/8/16,2021/8/22,0
202134,2021,34,2021/8/23,2021/8/29,0
202135,2021,35,2021/8/30,2021/9/5,0
202136,2021,36,2021/9/6,2021/9/12,0
202137,2021,37,2021/9/13,2021/9/19,0
202138,2021,38,2021/9/20,2021/9/26,0
202139,2021,39,2021/9/27,2021/10/3,0
202140,2021,40,2021/10/4,2021/10/10,0
202141,2021,41,2021/10/11,2021/10/17,0
202142,2021,42,2021/10/18,2021/10/24,0
202143,2021,43,2021/10/25,2021/10/31,0
202144,2021,44,2021/11/1,2021/11/7,0
202145,2021,45,2021/11/8,2021/11/14,0
202146,2021,46,2021/11/15,2021/11/21,0
202147,2021,47,2021/11/22,2021/11/28,0
202148,2021,48,2021/11/29,2021/12/5,0
202149,2021,49,2021/12/6,2021/12/12,0
202150,2021,50,2021/12/13,2021/12/19,0
202151,2021,51,2021/12/20,2021/12/26,0
202152,2021,52,2021/12/27,2022/1/2,0
202201,2022,1,2022/1/3,2022/1/9,0
202202,2022,2,2022/1/10,2022/1/16,0
202203,2022,3,2022/1/17,2022/1/23,0
202204,2022,4,2022/1/24,2022/1/30,0
202205,2022,5,2022/1/31,2022/2/6,0
202206,2022,6,2022/2/7,2022/2/13,0
202207,2022,7,2022/2/14,2022/2/20,0
202208,2022,8,2022/2/21,2022/2/27,0
202209,2022,9,2022/2/28,2022/3/6,0
202210,2022,10,2022/3/7,2022/3/13,0
202211,2022,11,2022/3/14,2022/3/20,0
202212,2022,12,2022/3/21,2022/3/27,0
202213,2022,13,2022/3/28,2022/4/3,0
202214,2022,14,2022/4/4,2022/4/10,0
202215,2022,15,2022/4/11,2022/4/17,0
202216,2022,16,2022/4/18,2022/4/24,0
202217,2022,17,2022/4/25,2022/5/1,0
202218,2022,18,2022/5/2,2022/5/8,0
202219,2022,19,2022/5/9,2022/5/15,0
202220,2022,20,2022/5/16,2022/5/22,0
202221,2022,21,2022/5/23,2022/5/29,0
202222,2022,22,2022/5/30,2022/6/5,0
202223,2022,23,2022/6/6,2022/6/12,0
202224,2022,24,2022/6/13,2022/6/19,0
202225,2022,25,2022/6/20,2022/6/26,0
202226,2022,26,2022/6/27,2022/7/3,0
202227,2022,27,2022/7/4,2022/7/10,0
202228,2022,28,2022/7/11,2022/7/17,0
202229,2022,29,2022/7/18,2022/7/24,0
202230,2022,30,2022/7/25,2022/7/31,0
202231,2022,31,2022/8/1,2022/8/7,0
202232,2022,32,2022/8/8,2022/8/14,0
202233,2022,33,2022/8/15,2022/8/21,0
202234,2022,34,2022/8/22,2022/8/28,0
202235,2022,35,2022/8/29,2022/9/4,0
202236,2022,36,2022/9/5,2022/9/11,0
202237,2022,37,2022/9/12,2022/9/18,0
202238,2022,38,2022/9/19,2022/9/25,0
202239,2022,39,2022/9/26,2022/10/2,0
202240,2022,40,2022/10/3,2022/10/9,0
202241,2022,41,2022/10/10,2022/10/16,0
202242,2022,42,2022/10/17,2022/10/23,0
202243,2022,43,2022/10/24,2022/10/30,0
202244,2022,44,2022/10/31,2022/11/6,0
202245,2022,45,2022/11/7,2022/11/13,0
202246,2022,46,2022/11/14,2022/11/20,0
202247,2022,47,2022/11/21,2022/11/27,0
202248,2022,48,2022/11/28,2022/12/4,0
202249,2022,49,2022/12/5,2022/12/11,0
202250,2022,50,2022/12/12,2022/12/18,0
202251,2022,51,2022/12/19,2022/12/25,0
202252,2022,52,2022/12/26,2023/1/1,0
