id,year,week,positive_rate,t1,t2,volume,seasonindicator,bsweight,intervolume,cpl,vw,tmprate
201140,2011,40,0.0,0,0,0.348128854,0,140,0.29527221600000003,1.0,0.0,0
201141,2011,41,0.0,0,0,0.343529362,0,140,0.29527221600000003,1.0,0.0,0
201142,2011,42,0.0062,0,0,0.341558152,0,140,0.29527221600000003,1.0,0.0,0.62
201143,2011,43,0.0138,0,0,0.341558152,0,140,0.29527221600000003,1.0,0.0,1.38
201144,2011,44,0.0,0,0,0.34318461899999997,0,140,0.272087967,1.0,0.0,0
201145,2011,45,0.0377,0,0,0.348389315,0,140,0.272087967,1.0,0.0,3.77
201146,2011,46,0.0203,0,0,0.35261813,0,140,0.272087967,1.0,0.0,2.03
201147,2011,47,0.060899999999999996,0,0,0.352943423,0,140,0.272087967,1.0,0.0,6.09
201148,2011,48,0.0278,0,0,0.35237740100000003,0,140,0.304078843,1.0,0.283867265,2.78
201149,2011,49,0.08470000000000001,0,0,0.348320911,0,140,0.304078843,1.0,0.293300595,8.47
201150,2011,50,0.1265,0,0,0.34398140899999996,1,140,0.304078843,1.0,0.30339206399999996,12.65
201151,2011,51,0.15560000000000002,0,0,0.34303804,1,140,0.304078843,1.0,0.305585861,15.56
201152,2011,52,0.1255,0,0,0.34303804,1,140,0.304078843,1.0,0.305585861,12.55
201201,2012,1,0.11259999999999999,0,0,0.33705571100000004,1,140,0.285747667,1.0,0.290034112,11.26
201202,2012,2,0.1217,0,0,0.336919966,1,140,0.285747667,1.0,0.287135667,12.17
201203,2012,3,0.1805,0,0,0.336842397,1,140,0.285747667,1.0,0.285479413,18.05
201204,2012,4,0.1429,0,0,0.336842397,1,140,0.285747667,1.0,0.285479413,14.29
201205,2012,5,0.1462,0,0,0.33932135,1,140,0.253870955,1.0,0.284112282,14.62
201206,2012,6,0.1456,0,0,0.35072453299999995,1,140,0.253870955,1.0,0.277823477,14.56
201207,2012,7,0.136,0,0,0.36138403,1,140,0.253870955,1.0,0.271944811,13.6
201208,2012,8,0.1593,0,0,0.36287140100000004,1,140,0.253870955,1.0,0.271124532,15.93
201209,2012,9,0.1495,0,0,0.361417273,1,140,0.31187999,1.0,0.273436685,14.95
201210,2012,10,0.1261,0,0,0.350996023,1,140,0.31187999,1.0,0.290007112,12.61
201211,2012,11,0.1446,0,0,0.339847709,1,140,0.31187999,1.0,0.307733616,14.46
201212,2012,12,0.12539999999999998,0,0,0.33742416299999994,1,140,0.31187999,1.0,0.311587204,12.54
201213,2012,13,0.1069,0,0,0.33742416299999994,1,140,0.31187999,1.0,0.311587204,10.69
201214,2012,14,0.09960000000000001,0,0,0.34002271700000003,1,140,0.303713583,1.0,0.31210868199999997,9.96
201215,2012,15,0.1092,0,0,0.344570186,1,140,0.303713583,1.0,0.313021268,10.92
201216,2012,16,0.048,0,0,0.34716874,0,140,0.303713583,1.0,0.0,4.8
201217,2012,17,0.04190000000000001,0,0,0.34716874,0,140,0.303713583,1.0,0.0,4.19
201218,2012,18,0.0278,0,0,0.34544422,0,140,0.30902989399999997,1.0,0.0,2.78
201219,2012,19,0.023799999999999998,0,0,0.339925756,0,140,0.30902989399999997,1.0,0.0,2.38
201220,2012,20,0.040999999999999995,0,0,0.33544200399999996,0,140,0.30902989399999997,1.0,0.0,4.1
201221,2012,21,0.009000000000000001,0,0,0.3350971,0,140,0.30902989399999997,1.0,0.0,0.9
201222,2012,22,0.0108,0,0,0.335424828,0,140,0.338136185,1.0,0.0,1.08
201223,2012,23,0.0,0,0,0.33968529299999994,0,140,0.338136185,1.0,0.0,0
201224,2012,24,0.028300000000000002,0,0,0.344928942,0,140,0.338136185,1.0,0.0,2.83
201225,2012,25,0.0,0,0,0.34656758200000004,0,140,0.338136185,1.0,0.0,0
201226,2012,26,0.0,0,0,0.34656758200000004,0,140,0.338136185,1.0,0.0,0
201227,2012,27,0.0,0,0,0.34350878700000004,0,140,0.36909853600000003,1.0,0.0,0
201228,2012,28,0.0222,0,0,0.338155895,0,140,0.36909853600000003,1.0,0.0,2.22
201229,2012,29,0.0,0,0,0.3350971,0,140,0.36909853600000003,1.0,0.0,0
201230,2012,30,0.0,0,0,0.3350971,0,140,0.36909853600000003,1.0,0.0,0
201231,2012,31,0.0,0,0,0.335207912,0,140,0.360675882,1.0,0.0,0
201232,2012,32,0.0,0,0,0.33571765,0,140,0.360675882,1.0,0.0,0
201233,2012,33,0.0241,0,0,0.336194144,0,140,0.360675882,1.0,0.0,2.41
201234,2012,34,0.0108,0,0,0.33626063100000003,0,140,0.360675882,1.0,0.0,1.08
201235,2012,35,0.0,0,0,0.336375969,0,140,0.297813563,1.0,0.0,0
201236,2012,36,0.0,0,0,0.340297439,0,140,0.297813563,1.0,0.0,0
201237,2012,37,0.014199999999999999,0,0,0.345948971,0,140,0.297813563,1.0,0.0,1.42
201238,2012,38,0.027999999999999997,0,0,0.348371056,0,140,0.297813563,1.0,0.0,2.8
201239,2012,39,0.0,0,0,0.348371056,0,140,0.297813563,1.0,0.0,0
201240,2012,40,0.0,0,0,0.344959969,0,140,0.28901965399999996,1.0,0.0,0
201241,2012,41,0.0103,0,0,0.33700076700000003,0,140,0.28901965399999996,1.0,0.0,1.03
201242,2012,42,0.0248,0,0,0.331478055,0,140,0.28901965399999996,1.0,0.0,2.48
201243,2012,43,0.031400000000000004,0,0,0.331315622,0,140,0.28901965399999996,1.0,0.0,3.14
201244,2012,44,0.08650000000000001,0,0,0.332221514,0,140,0.274597853,1.0,0.0,8.65
201245,2012,45,0.1107,0,0,0.338713744,0,140,0.274597853,1.0,0.0,11.07
201246,2012,46,0.10039999999999999,0,0,0.345658919,0,140,0.274597853,1.0,0.0,10.04
201247,2012,47,0.13119999999999998,0,0,0.34716874,0,140,0.274597853,1.0,0.0,13.12
201248,2012,48,0.1398,0,0,0.347084245,0,140,0.30372062,1.0,0.283674743,13.98
201249,2012,49,0.19820000000000002,0,0,0.34421143,0,140,0.30372062,1.0,0.290134988,19.82
201250,2012,50,0.2147,0,0,0.34007119700000005,1,140,0.30372062,1.0,0.299445342,21.47
201251,2012,51,0.23199999999999998,0,0,0.338296812,1,140,0.30372062,1.0,0.303435494,23.2
201252,2012,52,0.2441,0,0,0.338296812,1,140,0.30372062,1.0,0.303435494,24.41
201301,2013,1,0.23309999999999997,0,0,0.334534887,1,140,0.285747667,1.0,0.302473404,23.31
201302,2013,2,0.2089,0,0,0.33611052,1,140,0.285747667,1.0,0.288410745,20.89
201303,2013,3,0.25780000000000003,0,0,0.33739072200000003,1,140,0.285747667,1.0,0.286001083,25.78
201304,2013,4,0.2266,0,0,0.33748919899999996,1,140,0.285747667,1.0,0.285815725,22.66
201305,2013,5,0.1783,0,0,0.338595015,1,140,0.250175367,1.0,0.285565157,17.83
201306,2013,6,0.16879999999999998,0,0,0.352970619,1,140,0.250175367,1.0,0.28230777100000004,16.88
201307,2013,7,0.1801,0,0,0.37066367,1,140,0.250175367,1.0,0.278298681,18.01
201308,2013,8,0.12619999999999998,0,0,0.37619274799999997,1,140,0.250175367,1.0,0.27704584,12.62
201309,2013,9,0.1116,0,0,0.374980249,1,140,0.31596594,1.0,0.278159993,11.16
201310,2013,10,0.1391,0,0,0.35921775899999997,1,140,0.31596594,1.0,0.29264398199999997,13.91
201311,2013,11,0.0969,0,0,0.339817772,1,140,0.31596594,1.0,0.31047043,9.69
201312,2013,12,0.0981,0,0,0.333755276,1,140,0.31596594,1.0,0.316041195,9.81
201313,2013,13,0.0478,0,0,0.333755276,1,140,0.31596594,1.0,0.316041195,4.78
201314,2013,14,0.0398,0,0,0.336633269,1,140,0.29673081,1.0,0.31417192899999996,3.98
201315,2013,15,0.0533,0,0,0.343348586,1,140,0.29673081,1.0,0.309810309,5.33
201316,2013,16,0.044199999999999996,0,0,0.348008194,0,140,0.29673081,1.0,0.0,4.42
201317,2013,17,0.011399999999999999,0,0,0.348145241,0,140,0.29673081,1.0,0.0,1.14
201318,2013,18,0.019,0,0,0.346911542,0,140,0.317369675,1.0,0.0,1.9
201319,2013,19,0.0143,0,0,0.34123652600000004,0,140,0.317369675,1.0,0.0,1.43
201320,2013,20,0.0294,0,0,0.33593162,0,140,0.317369675,1.0,0.0,2.94
201321,2013,21,0.021400000000000002,0,0,0.335191401,0,140,0.317369675,1.0,0.0,2.14
201322,2013,22,0.009300000000000001,0,0,0.335326077,0,140,0.33724383700000005,1.0,0.0,0.93
201323,2013,23,0.0,0,0,0.339905079,0,140,0.33724383700000005,1.0,0.0,0
201324,2013,24,0.0108,0,0,0.34650423,0,140,0.33724383700000005,1.0,0.0,1.08
201325,2013,25,0.0,0,0,0.34933243700000005,0,140,0.33724383700000005,1.0,0.0,0
201326,2013,26,0.0,0,0,0.34933243700000005,0,140,0.33724383700000005,1.0,0.0,0
201327,2013,27,0.0,0,0,0.346791455,0,140,0.3672545,1.0,0.0,0
201328,2013,28,0.011899999999999999,0,0,0.340862496,0,140,0.3672545,1.0,0.0,1.19
201329,2013,29,0.012,0,0,0.336748524,0,140,0.3672545,1.0,0.0,1.2
201330,2013,30,0.0141,0,0,0.336627525,0,140,0.3672545,1.0,0.0,1.41
201331,2013,31,0.0,0,0,0.336709589,0,140,0.363806872,1.0,0.0,0
201332,2013,32,0.0361,0,0,0.337297716,0,140,0.363806872,1.0,0.0,3.61
201333,2013,33,0.0,0,0,0.337926875,0,140,0.363806872,1.0,0.0,0
201334,2013,34,0.0,0,0,0.33806364899999997,0,140,0.363806872,1.0,0.0,0
201335,2013,35,0.0,0,0,0.33806364899999997,0,140,0.363806872,1.0,0.0,0
201336,2013,36,0.0089,0,0,0.34083122,0,140,0.294721771,1.0,0.0,0.89
201337,2013,37,0.006500000000000001,0,0,0.345674469,0,140,0.294721771,1.0,0.0,0.65
201338,2013,38,0.0,0,0,0.34844204,0,140,0.294721771,1.0,0.0,0
201339,2013,39,0.0226,0,0,0.34844204,0,140,0.294721771,1.0,0.0,2.26
201340,2013,40,0.0102,0,0,0.347000445,0,140,0.29401481,1.0,0.0,1.02
201341,2013,41,0.0045000000000000005,0,0,0.34238734,0,140,0.29401481,1.0,0.0,0.45
201342,2013,42,0.0181,0,0,0.33863919299999995,0,140,0.29401481,1.0,0.0,1.81
201343,2013,43,0.009000000000000001,0,0,0.33835087399999997,0,140,0.29401481,1.0,0.0,0.9
201344,2013,44,0.047599999999999996,0,0,0.338808792,0,140,0.271184782,1.0,0.0,4.76
201345,2013,45,0.07629999999999999,0,0,0.34476173299999996,0,140,0.271184782,1.0,0.0,7.63
201346,2013,46,0.1912,0,0,0.35208842799999995,0,140,0.271184782,1.0,0.0,19.12
201347,2013,47,0.183,0,0,0.354378021,0,140,0.271184782,1.0,0.0,18.3
201348,2013,48,0.31379999999999997,0,0,0.354378021,0,140,0.271184782,1.0,0.280291017,31.38
201349,2013,49,0.3317,0,0,0.350027521,0,140,0.310549261,1.0,0.288379606,33.17
201350,2013,50,0.3371,0,0,0.342414148,1,140,0.310549261,1.0,0.302534638,33.71
201351,2013,51,0.3696,0,0,0.33806364899999997,1,140,0.310549261,1.0,0.310623227,36.96
201352,2013,52,0.40850000000000003,0,0,0.33806364899999997,1,140,0.310549261,1.0,0.310623227,40.85
201401,2014,1,0.37310000000000004,0,0,0.33730125299999997,1,140,0.285747667,1.0,0.30994558699999997,37.31
201402,2014,2,0.2525,0,0,0.33730125299999997,1,140,0.285747667,1.0,0.288736862,25.25
201403,2014,3,0.19260000000000002,0,0,0.33730125299999997,1,140,0.285747667,1.0,0.285994821,19.26
201404,2014,4,0.126,0,0,0.33730125299999997,1,140,0.285747667,1.0,0.285612211,12.6
201405,2014,5,0.115,0,0,0.337681698,1,140,0.242591191,1.0,0.285448816,11.5
201406,2014,6,0.0692,0,0,0.35061685299999995,1,140,0.242591191,1.0,0.279893402,6.92
201407,2014,7,0.051699999999999996,0,0,0.369258694,1,140,0.242591191,1.0,0.27188707100000004,5.17
201408,2014,8,0.0276,0,0,0.377248054,1,140,0.242591191,1.0,0.26845578600000003,2.76
201409,2014,9,0.013600000000000001,0,0,0.376927653,1,140,0.305557659,1.0,0.268807757,1.36
201410,2014,10,0.0227,0,0,0.366034019,1,140,0.305557659,1.0,0.280774795,2.27
201411,2014,11,0.0253,0,0,0.35033437,1,140,0.305557659,1.0,0.298021407,2.53
201412,2014,12,0.0362,0,0,0.34360594899999997,1,140,0.305557659,1.0,0.305412812,3.62
201413,2014,13,0.0593,0,0,0.34360594899999997,1,140,0.305557659,1.0,0.305412812,5.93
201414,2014,14,0.0461,0,0,0.345326776,1,140,0.299970774,1.0,0.30604281899999997,4.61
201415,2014,15,0.0507,0,0,0.350833424,1,140,0.299970774,1.0,0.308058842,5.07
201416,2014,16,0.0547,0,0,0.355307575,0,140,0.299970774,1.0,0.0,5.47
201417,2014,17,0.0673,0,0,0.35565174,0,140,0.299970774,1.0,0.0,6.73
201418,2014,18,0.050300000000000004,0,0,0.355061664,0,140,0.314823977,1.0,0.0,5.03
201419,2014,19,0.056299999999999996,0,0,0.35083278700000003,0,140,0.314823977,1.0,0.0,5.63
201420,2014,20,0.045700000000000005,0,0,0.34630887200000005,0,140,0.314823977,1.0,0.0,4.57
201421,2014,21,0.0802,0,0,0.34532541200000005,0,140,0.314823977,1.0,0.0,8.02
201422,2014,22,0.0353,0,0,0.34532541200000005,0,140,0.314823977,1.0,0.0,3.53
201423,2014,23,0.04,0,0,0.347526324,0,140,0.33564974799999997,1.0,0.0,4
201424,2014,24,0.0,0,0,0.35137792,0,140,0.33564974799999997,1.0,0.0,0
201425,2014,25,0.016399999999999998,0,0,0.353578832,0,140,0.33564974799999997,1.0,0.0,1.64
201426,2014,26,0.009300000000000001,0,0,0.353578832,0,140,0.33564974799999997,1.0,0.0,0.93
201427,2014,27,0.0,0,0,0.352195074,0,140,0.365738523,1.0,0.0,0
201428,2014,28,0.0,0,0,0.347767049,0,140,0.365738523,1.0,0.0,0
201429,2014,29,0.0,0,0,0.34416927799999997,0,140,0.365738523,1.0,0.0,0
201430,2014,30,0.0,0,0,0.34389252600000003,0,140,0.365738523,1.0,0.0,0
201431,2014,31,0.0,0,0,0.34391709,0,140,0.362861792,1.0,0.0,0
201432,2014,32,0.0,0,0,0.34423641899999996,0,140,0.362861792,1.0,0.0,0
201433,2014,33,0.0,0,0,0.344629439,0,140,0.362861792,1.0,0.0,0
201434,2014,34,0.0152,0,0,0.344752257,0,140,0.362861792,1.0,0.0,1.52
201435,2014,35,0.0,0,0,0.344752257,0,140,0.362861792,1.0,0.0,0
201436,2014,36,0.0,0,0,0.34728751,0,140,0.289494748,1.0,0.0,0
201437,2014,37,0.0,0,0,0.353203098,0,140,0.289494748,1.0,0.0,0
201438,2014,38,0.0040999999999999995,0,0,0.357307792,0,140,0.289494748,1.0,0.0,0.41
201439,2014,39,0.0046,0,0,0.357428518,0,140,0.289494748,1.0,0.0,0.46
201440,2014,40,0.0286,0,0,0.356166669,0,140,0.292109382,1.0,0.0,2.86
201441,2014,41,0.0046,0,0,0.350362164,0,140,0.292109382,1.0,0.0,0.46
201442,2014,42,0.016,0,0,0.344936213,0,140,0.292109382,1.0,0.0,1.6
201443,2014,43,0.030899999999999997,0,0,0.344179103,0,140,0.292109382,1.0,0.0,3.09
201444,2014,44,0.0412,0,0,0.344288366,0,140,0.266745308,1.0,0.0,4.12
201445,2014,45,0.1471,0,0,0.348003316,0,140,0.266745308,1.0,0.0,14.71
201446,2014,46,0.17600000000000002,0,0,0.35335721299999995,0,140,0.266745308,1.0,0.0,17.6
201447,2014,47,0.2364,0,0,0.35565174,0,140,0.266745308,1.0,0.0,23.64
201448,2014,48,0.359,0,0,0.35565174,0,140,0.266745308,1.0,0.275506155,35.9
201449,2014,49,0.4211,0,0,0.353873051,0,140,0.308112716,1.0,0.281998256,42.11
201450,2014,50,0.4732,0,0,0.34972277799999996,1,140,0.308112716,1.0,0.29714649,47.32
201451,2014,51,0.4746,0,0,0.34684299700000004,1,140,0.308112716,1.0,0.30765751,47.46
201452,2014,52,0.4583,0,0,0.34675829700000005,1,140,0.308112716,1.0,0.307966658,45.83
201453,2014,53,0.39640000000000003,0,0,0.34666004200000006,1,140,0.308112716,1.0,0.307659032,39.64
201501,2015,1,0.26839999999999997,0,0,0.33802838700000004,1,140,0.285747667,1.0,0.288360042,26.84
201502,2015,2,0.1604,0,0,0.33729236,1,140,0.285747667,1.0,0.286133567,16.04
201503,2015,3,0.1298,0,0,0.337132355,1,140,0.285747667,1.0,0.285649551,12.98
201504,2015,4,0.0992,0,0,0.337132355,1,140,0.285747667,1.0,0.285649551,9.92
201505,2015,5,0.1144,0,0,0.34659936799999996,1,140,0.24645160100000002,1.0,0.282213255,11.44
201506,2015,6,0.11699999999999999,0,0,0.36316664200000004,1,140,0.24645160100000002,1.0,0.27619973600000003,11.7
201507,2015,7,0.1466,0,0,0.372633655,1,140,0.24645160100000002,1.0,0.27276344,14.66
201508,2015,8,0.15960000000000002,0,0,0.372633655,1,140,0.24645160100000002,1.0,0.27276344,15.96
201509,2015,9,0.156,0,0,0.363988005,1,140,0.301478794,1.0,0.280393263,15.6
201510,2015,10,0.1765,0,0,0.348858118,1,140,0.301478794,1.0,0.29374545399999996,17.65
201511,2015,11,0.1204,0,0,0.340212467,1,140,0.301478794,1.0,0.301375277,12.04
201512,2015,12,0.1124,0,0,0.340212467,1,140,0.301478794,1.0,0.301375277,11.24
201513,2015,13,0.08070000000000001,0,0,0.341292507,1,140,0.295585905,1.0,0.30175228800000004,8.07
201514,2015,14,0.0665,0,0,0.346260689,1,140,0.295585905,1.0,0.30348653800000003,6.65
201515,2015,15,0.0735,0,0,0.35090485899999996,1,140,0.295585905,1.0,0.305107685,7.35
201516,2015,16,0.0364,0,0,0.351552883,0,140,0.295585905,1.0,0.0,3.64
201517,2015,17,0.0381,0,0,0.35124487200000004,0,140,0.316187135,1.0,0.0,3.81
201518,2015,18,0.0297,0,0,0.347240725,0,140,0.316187135,1.0,0.0,2.97
201519,2015,19,0.015600000000000001,0,0,0.342312544,0,140,0.316187135,1.0,0.0,1.56
201520,2015,20,0.0,0,0,0.340772488,0,140,0.316187135,1.0,0.0,0
201521,2015,21,0.0,0,0,0.340772488,0,140,0.316187135,1.0,0.0,0
201522,2015,22,0.0,0,0,0.343449386,0,140,0.337396866,1.0,0.0,0
201523,2015,23,0.0066,0,0,0.34969548200000006,0,140,0.337396866,1.0,0.0,0.66
201524,2015,24,0.0,0,0,0.354029507,0,140,0.337396866,1.0,0.0,0
201525,2015,25,0.0,0,0,0.35415697799999996,0,140,0.337396866,1.0,0.0,0
201526,2015,26,0.0,0,0,0.353575624,0,140,0.375149678,1.0,0.0,0
201527,2015,27,0.0,0,0,0.35090139200000003,0,140,0.375149678,1.0,0.0,0
201528,2015,28,0.006999999999999999,0,0,0.348401567,0,140,0.375149678,1.0,0.0,0.7
201529,2015,29,0.005600000000000001,0,0,0.348052755,0,140,0.375149678,1.0,0.0,0.56
201530,2015,30,0.0087,0,0,0.348020754,0,140,0.36858828899999996,1.0,0.0,0.87
201531,2015,31,0.0,0,0,0.346932714,0,140,0.36858828899999996,1.0,0.0,0
201532,2015,32,0.0,0,0,0.345364656,0,140,0.36858828899999996,1.0,0.0,0
201533,2015,33,0.0063,0,0,0.34469263200000005,0,140,0.36858828899999996,1.0,0.0,0.63
201534,2015,34,0.0068000000000000005,0,0,0.34469263200000005,0,140,0.36858828899999996,1.0,0.0,0.68
201535,2015,35,0.0060999999999999995,0,0,0.346664704,0,140,0.297245412,1.0,0.0,0.61
201536,2015,36,0.0174,0,0,0.352975335,0,140,0.297245412,1.0,0.0,1.74
201537,2015,37,0.0055000000000000005,0,0,0.35810272299999996,0,140,0.297245412,1.0,0.0,0.55
201538,2015,38,0.0,0,0,0.358497137,0,140,0.297245412,1.0,0.0,0
201539,2015,39,0.01,0,0,0.357948317,0,140,0.298729466,1.0,0.0,1
201540,2015,40,0.0039000000000000003,0,0,0.35401510700000005,0,140,0.298729466,1.0,0.0,0.39
201541,2015,41,0.0070999999999999995,0,0,0.349807486,0,140,0.298729466,1.0,0.0,0.71
201542,2015,42,0.0070999999999999995,0,0,0.348892785,0,140,0.298729466,1.0,0.0,0.71
201543,2015,43,0.003,0,0,0.348892785,0,140,0.298729466,1.0,0.0,0.3
201544,2015,44,0.0,0,0,0.35114531200000004,0,140,0.27341255,1.0,0.0,0
201545,2015,45,0.0026,0,0,0.355087235,0,140,0.27341255,1.0,0.0,0.26
201546,2015,46,0.0,0,0,0.357339762,0,140,0.27341255,1.0,0.0,0
201547,2015,47,0.0048,0,0,0.357339762,0,140,0.27341255,1.0,0.0,0.48
201548,2015,48,0.0044,0,0,0.356253055,0,140,0.310975328,1.0,0.28649204300000003,0.44
201549,2015,49,0.011000000000000001,0,0,0.35277559399999997,0,140,0.310975328,1.0,0.299492847,1.1
201550,2015,50,0.0022,0,0,0.34995015799999996,1,140,0.310975328,1.0,0.310056,0.22
201551,2015,51,0.023799999999999998,0,0,0.349732816,1,140,0.310975328,1.0,0.31086855,2.38
201552,2015,52,0.0176,0,0,0.349684815,1,140,0.310975328,1.0,0.31069144,1.76
201601,2016,1,0.027200000000000002,0,0,0.33714371299999996,1,140,0.285747667,1.0,0.28983844,2.72
201602,2016,2,0.015700000000000002,0,0,0.336401905,1,140,0.285747667,1.0,0.287175134,1.57
201603,2016,3,0.0355,0,0,0.336170091,1,140,0.285747667,1.0,0.28634285,3.55
201604,2016,4,0.0528,0,0,0.336170091,1,140,0.285747667,1.0,0.28634285,5.28
201605,2016,5,0.0548,0,0,0.34109602200000005,1,140,0.249569312,1.0,0.282541613,5.48
201606,2016,6,0.0764,0,0,0.352589861,1,140,0.249569312,1.0,0.273672061,7.64
201607,2016,7,0.099,0,0,0.360565178,1,140,0.249569312,1.0,0.267517678,9.9
201608,2016,8,0.12359999999999999,0,0,0.360799747,1,140,0.249569312,1.0,0.267336667,12.36
201609,2016,9,0.174,0,0,0.356778959,1,140,0.300553519,1.0,0.272171363,17.4
201610,2016,10,0.1834,0,0,0.343912438,1,140,0.300553519,1.0,0.28764239199999997,18.34
201611,2016,11,0.1787,0,0,0.33345839,1,140,0.300553519,1.0,0.300212603,17.87
201612,2016,12,0.1463,0,0,0.332654233,1,140,0.300553519,1.0,0.30117954199999997,14.63
201613,2016,13,0.1035,0,0,0.33307484800000003,1,140,0.287304646,1.0,0.301074408,10.35
201614,2016,14,0.1061,0,0,0.338542844,1,140,0.287304646,1.0,0.299707662,10.61
201615,2016,15,0.09609999999999999,0,0,0.345272685,1,140,0.287304646,1.0,0.298025513,9.61
201616,2016,16,0.0791,0,0,0.34737576,0,140,0.287304646,1.0,0.0,7.91
201617,2016,17,0.0825,0,0,0.34737576,0,140,0.287304646,1.0,0.0,8.25
201618,2016,18,0.0808,0,0,0.344676062,0,140,0.309531656,1.0,0.0,8.08
201619,2016,19,0.0255,0,0,0.339951591,0,140,0.309531656,1.0,0.0,2.55
201620,2016,20,0.0487,0,0,0.33725189299999997,0,140,0.309531656,1.0,0.0,4.87
201621,2016,21,0.0268,0,0,0.33725189299999997,0,140,0.309531656,1.0,0.0,2.68
201622,2016,22,0.0173,0,0,0.338428997,0,140,0.33595001799999996,1.0,0.0,1.73
201623,2016,23,0.0187,0,0,0.343843675,0,140,0.33595001799999996,1.0,0.0,1.87
201624,2016,24,0.0,0,0,0.348905223,0,140,0.33595001799999996,1.0,0.0,0
201625,2016,25,0.0132,0,0,0.349611485,0,140,0.33595001799999996,1.0,0.0,1.32
201626,2016,26,0.0062,0,0,0.34923517200000004,0,140,0.372151487,1.0,0.0,0.62
201627,2016,27,0.0,0,0,0.34434310799999995,0,140,0.372151487,1.0,0.0,0
201628,2016,28,0.0124,0,0,0.338322105,0,140,0.372151487,1.0,0.0,1.24
201629,2016,29,0.0313,0,0,0.33644054100000004,0,140,0.372151487,1.0,0.0,3.13
201630,2016,30,0.0,0,0,0.33644054100000004,0,140,0.372151487,1.0,0.0,0
201631,2016,31,0.0,0,0,0.336170091,0,140,0.357823875,1.0,0.0,0
201632,2016,32,0.0,0,0,0.335539039,0,140,0.357823875,1.0,0.0,0
201633,2016,33,0.0,0,0,0.335101167,0,140,0.357823875,1.0,0.0,0
201634,2016,34,0.0,0,0,0.335088288,0,140,0.357823875,1.0,0.0,0
201635,2016,35,0.0,0,0,0.336125788,0,140,0.295882309,1.0,0.0,0
201636,2016,36,0.0,0,0,0.343561205,0,140,0.295882309,1.0,0.0,0
201637,2016,37,0.004,0,0,0.351515371,0,140,0.295882309,1.0,0.0,0.4
201638,2016,38,0.0036,0,0,0.353244538,0,140,0.295882309,1.0,0.0,0.36
201639,2016,39,0.008100000000000001,0,0,0.35307677299999995,0,140,0.292988216,1.0,0.0,0.81
201640,2016,40,0.0,0,0,0.347372755,0,140,0.292988216,1.0,0.0,0
201641,2016,41,0.01,0,0,0.339152259,0,140,0.292988216,1.0,0.0,1
201642,2016,42,0.0032,0,0,0.335629189,0,140,0.292988216,1.0,0.0,0.32
201643,2016,43,0.0059,0,0,0.335629189,0,140,0.292988216,1.0,0.0,0.59
201644,2016,44,0.009399999999999999,0,0,0.33770650799999996,0,140,0.27079027,1.0,0.0,0.94
201645,2016,45,0.0203,0,0,0.34435392600000003,0,140,0.27079027,1.0,0.0,2.03
201646,2016,46,0.0207,0,0,0.349754953,0,140,0.27079027,1.0,0.0,2.07
201647,2016,47,0.0296,0,0,0.35017041600000004,0,140,0.27079027,1.0,0.0,2.96
201648,2016,48,0.0368,0,0,0.349617667,0,140,0.311519402,1.0,0.282214804,3.68
201649,2016,49,0.043,0,0,0.345656295,0,140,0.311519402,1.0,0.295224893,4.3
201650,2016,50,0.045,0,0,0.34141854899999996,1,140,0.311519402,1.0,0.309142663,4.5
201651,2016,51,0.0904,0,0,0.3404973,1,140,0.311519402,1.0,0.312168265,9.04
201652,2016,52,0.1454,0,0,0.3404973,1,140,0.311519402,1.0,0.312168265,14.54
201701,2017,1,0.12119999999999999,0,0,0.335070382,1,140,0.285747667,1.0,0.29091939,12.12
201702,2017,2,0.11869999999999999,0,0,0.33655698799999995,1,140,0.285747667,1.0,0.287330945,11.87
201703,2017,3,0.13470000000000001,0,0,0.33740647700000004,1,140,0.285747667,1.0,0.28528040600000004,13.47
201704,2017,4,0.1423,0,0,0.33740647700000004,1,140,0.285747667,1.0,0.28528040600000004,14.23
201705,2017,5,0.1635,0,0,0.340541497,1,140,0.24051445100000002,1.0,0.283429741,16.35
201706,2017,6,0.177,0,0,0.35496258700000005,1,140,0.24051445100000002,1.0,0.27491668199999997,17.7
201707,2017,7,0.1973,0,0,0.368443171,1,140,0.24051445100000002,1.0,0.266958823,19.73
201708,2017,8,0.1598,0,0,0.37032418200000006,1,140,0.24051445100000002,1.0,0.26584842399999997,15.98
201709,2017,9,0.17670000000000002,0,0,0.366734079,1,140,0.29192258,1.0,0.26828621399999997,17.67
201710,2017,10,0.17,0,0,0.350219605,1,140,0.29192258,1.0,0.279500049,17
201711,2017,11,0.16670000000000001,0,0,0.334782162,1,140,0.29192258,1.0,0.289982547,16.67
201712,2017,12,0.16899999999999998,0,0,0.332628101,1,140,0.29192258,1.0,0.291445222,16.9
201713,2017,13,0.16519999999999999,0,0,0.332783335,1,140,0.30482386100000003,1.0,0.291664501,16.52
201714,2017,14,0.12119999999999999,0,0,0.338061292,1,140,0.30482386100000003,1.0,0.29912001,12.12
201715,2017,15,0.0872,0,0,0.34566775899999996,1,140,0.30482386100000003,1.0,0.309864714,8.72
201716,2017,16,0.102,0,0,0.34892767399999997,0,140,0.30482386100000003,1.0,0.0,10.2
201717,2017,17,0.0633,0,0,0.34892767399999997,0,140,0.30482386100000003,1.0,0.0,6.33
201718,2017,18,0.08810000000000001,0,0,0.346464155,0,140,0.307860864,1.0,0.0,8.81
201719,2017,19,0.061399999999999996,0,0,0.340715945,0,140,0.307860864,1.0,0.0,6.14
201720,2017,20,0.0311,0,0,0.33672739100000004,0,140,0.307860864,1.0,0.0,3.11
201721,2017,21,0.0327,0,0,0.336610081,0,140,0.307860864,1.0,0.0,3.27
201722,2017,22,0.0115,0,0,0.337235568,0,140,0.337582514,1.0,0.0,1.15
201723,2017,23,0.0204,0,0,0.341718225,0,140,0.337582514,1.0,0.0,2.04
201724,2017,24,0.0172,0,0,0.346513625,0,140,0.337582514,1.0,0.0,1.72
201725,2017,25,0.005600000000000001,0,0,0.34755610299999995,0,140,0.337582514,1.0,0.0,0.56
201726,2017,26,0.0,0,0,0.34746196799999995,0,140,0.37160751299999994,1.0,0.0,0
201727,2017,27,0.0069,0,0,0.344261383,0,140,0.37160751299999994,1.0,0.0,0.69
201728,2017,28,0.0,0,0,0.339648775,0,140,0.37160751299999994,1.0,0.0,0
201729,2017,29,0.0067,0,0,0.337671943,0,140,0.37160751299999994,1.0,0.0,0.67
201730,2017,30,0.0252,0,0,0.337671943,0,140,0.37160751299999994,1.0,0.0,2.52
201731,2017,31,0.0,0,0,0.337671943,0,140,0.359983626,1.0,0.0,0
201732,2017,32,0.0,0,0,0.337671943,0,140,0.359983626,1.0,0.0,0
201733,2017,33,0.0059,0,0,0.337671943,0,140,0.359983626,1.0,0.0,0.59
201734,2017,34,0.0,0,0,0.337671943,0,140,0.359983626,1.0,0.0,0
201735,2017,35,0.0052,0,0,0.337875972,0,140,0.284883422,1.0,0.0,0.52
201736,2017,36,0.0096,0,0,0.34052835,0,140,0.284883422,1.0,0.0,0.96
201737,2017,37,0.0037,0,0,0.343792815,0,140,0.284883422,1.0,0.0,0.37
201738,2017,38,0.0139,0,0,0.34481296100000003,0,140,0.284883422,1.0,0.0,1.39
201739,2017,39,0.006500000000000001,0,0,0.34481296100000003,0,140,0.284883422,1.0,0.0,0.65
201740,2017,40,0.005600000000000001,0,0,0.343545806,0,140,0.288699917,1.0,0.0,0.56
201741,2017,41,0.0,0,0,0.341328285,0,140,0.288699917,1.0,0.0,0
201742,2017,42,0.0151,0,0,0.340061131,0,140,0.288699917,1.0,0.0,1.51
201743,2017,43,0.014199999999999999,0,0,0.340061131,0,140,0.288699917,1.0,0.0,1.42
201744,2017,44,0.041100000000000005,0,0,0.341219065,0,140,0.268845034,1.0,0.0,4.11
201745,2017,45,0.0629,0,0,0.346545565,0,140,0.268845034,1.0,0.0,6.29
201746,2017,46,0.0993,0,0,0.351524684,0,140,0.268845034,1.0,0.0,9.93
201747,2017,47,0.1307,0,0,0.352219444,0,140,0.268845034,1.0,0.0,13.07
201748,2017,48,0.1157,0,0,0.35187964899999996,0,140,0.301708737,1.0,0.278034063,11.57
201749,2017,49,0.1162,0,0,0.347462305,0,140,0.301708737,1.0,0.286897506,11.62
201750,2017,50,0.1401,0,0,0.342025574,1,140,0.301708737,1.0,0.29780636,14.01
201751,2017,51,0.21530000000000002,0,0,0.34032659600000004,1,140,0.301708737,1.0,0.30121537600000003,21.53
201752,2017,52,0.214,0,0,0.34032659600000004,1,140,0.301708737,1.0,0.30121537600000003,21.4
201801,2018,1,0.19030000000000002,0,0,0.336423034,1,140,0.285747667,1.0,0.299267636,19.03
201802,2018,2,0.1789,0,0,0.336667884,1,140,0.285747667,1.0,0.288930095,17.89
201803,2018,3,0.1475,0,0,0.336837779,1,140,0.285747667,1.0,0.28583859300000003,14.75
201804,2018,4,0.15539999999999998,0,0,0.336842776,1,140,0.285747667,1.0,0.285747667,15.54
201805,2018,5,0.1632,0,0,0.33923701799999995,1,140,0.25064491,1.0,0.285276355,16.32
201806,2018,6,0.1354,0,0,0.35639574700000004,1,140,0.25064491,1.0,0.28189862600000004,13.54
201807,2018,7,0.1324,0,0,0.37475159799999996,1,140,0.25064491,1.0,0.27828524,13.24
201808,2018,8,0.1168,0,0,0.378742,1,140,0.25064491,1.0,0.277499722,11.68
201809,2018,9,0.1286,0,0,0.37642271299999996,1,140,0.314202498,1.0,0.279597023,12.86
201810,2018,10,0.1294,0,0,0.359801152,1,140,0.314202498,1.0,0.294627684,12.94
201811,2018,11,0.1409,0,0,0.34201994799999996,1,140,0.314202498,1.0,0.310706996,14.09
201812,2018,12,0.13019999999999998,0,0,0.33815446899999996,1,140,0.314202498,1.0,0.314202498,13.02
201813,2018,13,0.1005,0,0,0.33815446899999996,1,140,0.314202498,1.0,0.314202498,10.05
201814,2018,14,0.0827,0,0,0.341883175,1,140,0.304611427,1.0,0.314352536,8.27
201815,2018,15,0.0541,0,0,0.34840841100000003,1,140,0.304611427,1.0,0.314615103,5.41
201816,2018,16,0.0673,0,0,0.35213711700000006,0,140,0.304611427,1.0,0.0,6.73
201817,2018,17,0.064,0,0,0.35213711700000006,0,140,0.304611427,1.0,0.0,6.4
201818,2018,18,0.0538,0,0,0.35073922700000004,0,140,0.320954293,1.0,0.0,5.38
201819,2018,19,0.025099999999999997,0,0,0.346265979,0,140,0.320954293,1.0,0.0,2.51
201820,2018,20,0.018500000000000003,0,0,0.342631465,0,140,0.320954293,1.0,0.0,1.85
201821,2018,21,0.011000000000000001,0,0,0.342351887,0,140,0.320954293,1.0,0.0,1.1
201822,2018,22,0.0043,0,0,0.34275538899999997,0,140,0.352110066,1.0,0.0,0.43
201823,2018,23,0.0,0,0,0.34800091200000005,0,140,0.352110066,1.0,0.0,0
201824,2018,24,0.0046,0,0,0.35445694,0,140,0.352110066,1.0,0.0,0.46
201825,2018,25,0.0,0,0,0.35647444899999997,0,140,0.352110066,1.0,0.0,0
201826,2018,26,0.0,0,0,0.35647444899999997,0,140,0.352110066,1.0,0.0,0
201827,2018,27,0.0066,0,0,0.353338045,0,140,0.378742,1.0,0.0,0.66
201828,2018,28,0.005600000000000001,0,0,0.34784933799999995,0,140,0.378742,1.0,0.0,0.56
201829,2018,29,0.0,0,0,0.34471293399999997,0,140,0.378742,1.0,0.0,0
201830,2018,30,0.0059,0,0,0.34471293399999997,0,140,0.378742,1.0,0.0,0.59
201831,2018,31,0.0,0,0,0.34463798100000004,0,140,0.36370664399999997,1.0,0.0,0
201832,2018,32,0.0,0,0,0.344293193,0,140,0.36370664399999997,1.0,0.0,0
201833,2018,33,0.0,0,0,0.343970891,0,140,0.36370664399999997,1.0,0.0,0
201834,2018,34,0.005699999999999999,0,0,0.34392591899999997,0,140,0.36370664399999997,1.0,0.0,0.57
201835,2018,35,0.0,0,0,0.344019611,0,140,0.297025987,1.0,0.0,0
201836,2018,36,0.0,0,0,0.347205151,0,140,0.297025987,1.0,0.0,0
201837,2018,37,0.0,0,0,0.35179607700000004,0,140,0.297025987,1.0,0.0,0
201838,2018,38,0.0,0,0,0.35376361700000003,0,140,0.297025987,1.0,0.0,0
201839,2018,39,0.0,0,0,0.35376361700000003,0,140,0.297025987,1.0,0.0,0
201840,2018,40,0.0,0,0,0.35237322200000004,0,140,0.293212986,1.0,0.0,0
201841,2018,41,0.0049,0,0,0.349128968,0,140,0.293212986,1.0,0.0,0.49
201842,2018,42,0.0068000000000000005,0,0,0.34687785299999996,0,140,0.293212986,1.0,0.0,0.68
201843,2018,43,0.0040999999999999995,0,0,0.34681164299999995,0,140,0.293212986,1.0,0.0,0.41
201844,2018,44,0.002,0,0,0.34733282299999996,0,140,0.28136383,1.0,0.0,0.2
201845,2018,45,0.0039000000000000003,0,0,0.351067942,0,260,0.28136383,1.0,0.0,0.39
201846,2018,46,0.018799999999999997,0,0,0.35506365,0,260,0.28136383,1.0,0.0,1.88
201847,2018,47,0.0222,0,0,0.35593228200000004,0,260,0.28136383,1.0,0.0,2.22
201848,2018,48,0.0479,0,0,0.355832927,0,260,0.308419352,1.0,0.290910974,4.79
201849,2018,49,0.11259999999999999,0,0,0.352454838,0,260,0.308419352,1.0,0.29663486699999997,11.26
201850,2018,50,0.1638,0,0,0.34758641700000004,1,260,0.308419352,1.0,0.304884007,16.38
201851,2018,51,0.2027,0,0,0.34549995,1,260,0.308419352,1.0,0.308419352,20.27
201852,2018,52,0.2077,0,0,0.34549995,1,260,0.308419352,1.0,0.308419352,20.77
201901,2019,1,0.15109999999999998,0,0,0.337697291,1,260,0.285747667,1.0,0.307086537,15.11
201902,2019,2,0.1844,0,0,0.337345523,1,260,0.285747667,1.0,0.289148699,18.44
201903,2019,3,0.19,0,0,0.33705971100000004,1,260,0.285747667,1.0,0.285839844,19
201904,2019,4,0.16670000000000001,0,0,0.33703772600000004,1,260,0.285747667,1.0,0.28558531600000003,16.67
201905,2019,5,0.22399999999999998,0,0,0.33814249700000004,1,260,0.24650305600000003,1.0,0.285218851,22.4
201906,2019,6,0.3066,0,0,0.352504525,1,260,0.24650305600000003,1.0,0.280454805,30.66
201907,2019,7,0.3514,0,0,0.370180868,1,260,0.24650305600000003,1.0,0.274591365,35.14
201908,2019,8,0.3712,0,0,0.375704725,1,260,0.24650305600000003,1.0,0.272759039,37.12
201909,2019,9,0.3493,0,0,0.37480515200000003,1,260,0.307726024,1.0,0.273753101,34.93
201910,2019,10,0.29410000000000003,0,0,0.36311069700000004,1,260,0.307726024,1.0,0.286675898,29.41
201911,2019,11,0.26039999999999996,0,0,0.348717523,1,260,0.307726024,1.0,0.30258087899999997,26.04
201912,2019,12,0.20800000000000002,0,0,0.34421965600000004,1,260,0.307726024,1.0,0.30755118600000003,20.8
201913,2019,13,0.166,0,0,0.34421965600000004,1,260,0.307726024,1.0,0.30755118600000003,16.6
201914,2019,14,0.1093,0,0,0.34656746299999996,1,260,0.30427919999999997,1.0,0.308889588,10.93
201915,2019,15,0.08990000000000001,0,0,0.35204568,1,260,0.30427919999999997,1.0,0.312012527,8.99
201916,2019,16,0.0694,0,0,0.355846892,0,260,0.30427919999999997,1.0,0.0,6.94
201917,2019,17,0.0454,0,0,0.355958692,0,260,0.30427919999999997,1.0,0.0,4.54
201918,2019,18,0.0463,0,0,0.35498725799999997,0,260,0.318947414,1.0,0.0,4.63
201919,2019,19,0.0443,0,0,0.350518665,0,260,0.318947414,1.0,0.0,4.43
201920,2019,20,0.028399999999999998,0,0,0.346341501,0,260,0.318947414,1.0,0.0,2.84
201921,2019,21,0.0444,0,0,0.34575864100000003,0,260,0.318947414,1.0,0.0,4.44
201922,2019,22,0.0524,0,0,0.34586335700000004,0,260,0.34507459100000004,1.0,0.0,5.24
201923,2019,23,0.041100000000000005,0,0,0.349423705,0,260,0.34507459100000004,1.0,0.0,4.11
201924,2019,24,0.0207,0,0,0.354554796,0,260,0.34507459100000004,1.0,0.0,2.07
201925,2019,25,0.021400000000000002,0,0,0.356753834,0,260,0.34507459100000004,1.0,0.0,2.14
201926,2019,26,0.009399999999999999,0,0,0.356753834,0,260,0.34507459100000004,1.0,0.0,0.94
201927,2019,27,0.021400000000000002,0,0,0.354708694,0,260,0.36268732200000003,1.0,0.0,2.14
201928,2019,28,0.0,0,0,0.34993670000000004,0,260,0.36268732200000003,1.0,0.0,0
201929,2019,29,0.0049,0,0,0.346625521,0,260,0.36268732200000003,1.0,0.0,0.49
201930,2019,30,0.0263,0,0,0.346528134,0,260,0.36268732200000003,1.0,0.0,2.63
201931,2019,31,0.0169,0,0,0.34660141899999997,0,260,0.352441236,1.0,0.0,1.69
201932,2019,32,0.0060999999999999995,0,0,0.347126628,0,260,0.352441236,1.0,0.0,0.61
201933,2019,33,0.0255,0,0,0.347688479,0,260,0.352441236,1.0,0.0,2.55
201934,2019,34,0.0051,0,0,0.34781062100000004,0,260,0.352441236,1.0,0.0,0.51
201935,2019,35,0.020099999999999996,0,0,0.34781062100000004,0,260,0.352441236,1.0,0.0,2.01
201936,2019,36,0.0182,0,0,0.351184988,0,260,0.287079509,1.0,0.0,1.82
201937,2019,37,0.0,0,0,0.35709013100000003,0,260,0.287079509,1.0,0.0,0
201938,2019,38,0.0036,0,0,0.36046449799999997,0,260,0.287079509,1.0,0.0,0.36
201939,2019,39,0.009000000000000001,0,0,0.36046449799999997,0,260,0.287079509,1.0,0.0,0.9
201940,2019,40,0.0044,0,0,0.35854687399999996,0,260,0.28739372,1.0,0.0,0.44
201941,2019,41,0.0227,0,0,0.35241047600000003,0,260,0.28739372,1.0,0.0,2.27
201942,2019,42,0.0208,0,0,0.34742465299999997,0,260,0.28739372,1.0,0.0,2.08
201943,2019,43,0.0148,0,0,0.347041129,0,260,0.28739372,1.0,0.0,1.48
201944,2019,44,0.0254,0,0,0.347454944,0,260,0.267180097,1.0,0.0,2.54
201945,2019,45,0.04190000000000001,0,0,0.352834552,0,260,0.267180097,1.0,0.0,4.19
201946,2019,46,0.0567,0,0,0.359455608,0,260,0.267180097,1.0,0.0,5.67
201947,2019,47,0.0779,0,0,0.361524688,0,260,0.267180097,1.0,0.0,7.79
201948,2019,48,0.13699999999999998,0,0,0.361524688,0,260,0.267180097,1.0,0.275929239,13.7
201949,2019,49,0.1432,0,0,0.35889359299999996,0,260,0.298615485,1.0,0.281933662,14.32
201950,2019,50,0.1924,0,0,0.354289178,1,260,0.298615485,1.0,0.292441401,19.24
201951,2019,51,0.2637,0,0,0.351658084,1,260,0.298615485,1.0,0.29844582399999997,26.37
201952,2019,52,0.2732,0,0,0.351658084,1,260,0.298615485,1.0,0.29844582399999997,27.32
202001,2020,1,0.2655,0,0,0.345372468,1,260,0.285747667,0.0,0.29842562,26.55
202002,2020,2,0.2575,0,0,0.340822377,1,260,0.285747667,0.0,0.286571327,25.75
202003,2020,3,0.284,0,0,0.33656903200000005,1,260,0.285747667,0.0,0.286487875,28.4
202004,2020,4,0.31079999999999997,0,0,0.335975542,1,260,0.285747667,0.0,0.286476231,31.08
202005,2020,5,0.2914,0,0,0.33621850600000003,1,260,0.239332364,0.0,0.286257278,29.14
202006,2020,6,0.326,0,0,0.34447928299999997,1,260,0.239332364,0.0,0.278812876,32.6
202007,2020,7,0.273,0,0,0.356384521,1,260,0.239332364,0.0,0.26808418,27.3
202008,2020,8,0.2635,0,0,0.361486766,1,260,0.239332364,0.0,0.263486167,26.35
202009,2020,9,0.21309999999999998,0,0,0.361486766,1,260,0.239332364,0.0,0.263486167,21.31
202010,2020,10,0.1845,0,0,0.355305066,1,260,0.307726024,0.0,0.274507107,18.45
202011,2020,11,0.1148,0,0,0.344487091,1,260,0.307726024,0.0,0.293793752,11.48
202012,2020,12,0.046900000000000004,0,0,0.338305391,1,260,0.307726024,0.0,0.304814691,4.69
202013,2020,13,0.015,0,0,0.338305391,1,260,0.307726024,0.0,0.304814691,1.5
202014,2020,14,0.0018,0,1,0.339672201,1,260,0.30427919999999997,0.04,0.30551127100000003,0.18
202015,2020,15,0.0,0,1,0.34595952399999996,1,260,0.30427919999999997,0.09,0.30871553399999996,0
202016,2020,16,0.0027,0,1,0.351836805,0,260,0.30427919999999997,0.16,0.0,0.27
202017,2020,17,0.0042,0,1,0.35265689100000003,0,260,0.30427919999999997,0.23,0.0,0.42
202018,2020,18,0.0,0,1,0.35234970600000004,0,260,0.318947414,0.29,0.0,0
202019,2020,19,0.0,0,1,0.348356306,0,260,0.318947414,0.35,0.0,0
202020,2020,20,0.0,0,1,0.34344135299999995,0,260,0.318947414,0.4,0.0,0
202021,2020,21,0.0,0,1,0.34190543,0,260,0.318947414,0.44,0.0,0
202022,2020,22,0.0027,0,1,0.34190543,0,260,0.318947414,0.49,0.0,0.27
202023,2020,23,0.0,0,1,0.34442265,0,260,0.34507459100000004,0.53,0.0,0
202024,2020,24,0.0,0,1,0.35029616399999997,0,260,0.34507459100000004,0.58,0.0,0
202025,2020,25,0.0,0,1,0.35437166299999995,0,260,0.34507459100000004,0.63,0.0,0
202026,2020,26,0.0,0,1,0.35449153,0,260,0.34507459100000004,0.67,0.0,0
202027,2020,27,0.0,0,1,0.35345927200000005,0,260,0.36268732200000003,0.7,0.0,0
202028,2020,28,0.0,0,1,0.34871088299999997,0,260,0.36268732200000003,0.73,0.0,0
202029,2020,29,0.0,0,1,0.34427217200000004,0,260,0.36268732200000003,0.77,0.0,0
202030,2020,30,0.0,0,1,0.34365281700000005,0,260,0.36268732200000003,0.8,0.0,0
202031,2020,31,0.0,0,1,0.34366210700000005,0,260,0.352441236,0.84,0.0,0
202032,2020,32,0.0,0,1,0.34397796700000005,0,260,0.352441236,0.85,0.0,0
202033,2020,33,0.0,0,1,0.344433176,0,260,0.352441236,0.85,0.0,0
202034,2020,34,0.0,0,1,0.344628266,0,260,0.352441236,0.85,0.0,0
202035,2020,35,0.0,0,1,0.344628266,0,260,0.352441236,0.85,0.0,0
202036,2020,36,0.0,0,1,0.346126394,0,260,0.287079509,0.85,0.0,0
202037,2020,37,0.0,0,1,0.35092040399999996,0,260,0.287079509,0.85,0.0,0
202038,2020,38,0.0012,0,1,0.354815537,0,260,0.287079509,0.85,0.0,0.12
202039,2020,39,0.0,0,1,0.35511516299999996,0,260,0.287079509,0.85,0.0,0
202040,2020,40,0.0,0,1,0.354565636,0,260,0.28739372,0.84,0.0,0
202041,2020,41,0.0,0,1,0.350627364,0,260,0.28739372,0.84,0.0,0
202042,2020,42,0.0026,0,1,0.346414328,0,260,0.28739372,0.84,0.0,0.26
202043,2020,43,0.0008,0,1,0.34549845100000004,0,260,0.28739372,0.84,0.0,0.08
202044,2020,44,0.0005,0,1,0.34549845100000004,0,260,0.28739372,0.84,0.0,0.05
202045,2020,45,0.0,0,1,0.348602422,0,260,0.267180097,0.84,0.0,0
202046,2020,46,0.0,0,1,0.354034371,0,260,0.267180097,0.86,0.0,0
202047,2020,47,0.0004,0,1,0.35713834200000005,0,260,0.267180097,0.88,0.0,0.04
202048,2020,48,0.0,0,1,0.35713834200000005,0,260,0.267180097,0.88,0.281627203,0
202049,2020,49,0.0006,0,1,0.35569806,0,260,0.298615485,0.88,0.284975445,0.06
202050,2020,50,0.0005,0,1,0.35108915399999996,1,260,0.298615485,0.89,0.29568981899999996,0.05
202051,2020,51,0.0,0,1,0.34734441899999996,1,260,0.298615485,0.89,0.304395247,0
202052,2020,52,0.0,0,1,0.347056363,1,260,0.298615485,0.89,0.30506489600000003,0
202053,2020,53,0.0007000000000000001,0,1,0.34690097200000003,1,260,0.298615485,0.89,0.304865299,0.07
202101,2021,1,0.0,0,1,0.33826529,1,260,0.285747667,0.89,0.290026495,0
202102,2021,2,0.0,0,1,0.33582674,1,260,0.285747667,0.89,0.28696230100000003,0
202103,2021,3,0.0,0,1,0.335064693,1,260,0.285747667,0.88,0.286004741,0
202104,2021,4,0.0,0,1,0.335064693,1,260,0.285747667,0.88,0.286004741,0
202105,2021,5,0.0,0,1,0.34276040399999996,1,260,0.239332364,0.88,0.28324261100000003,0
202106,2021,6,0.0,0,1,0.36071706299999995,1,260,0.239332364,0.86,0.276797642,0
202107,2021,7,0.0,0,1,0.37317678600000004,1,260,0.239332364,0.86,0.272325622,0
202108,2021,8,0.0009,0,1,0.37354324899999997,1,260,0.239332364,0.86,0.272194092,0.09
202109,2021,9,0.0,0,1,0.366370646,1,260,0.307726024,0.86,0.27856834399999997,0
202110,2021,10,0.0,0,1,0.34963457299999995,1,260,0.307726024,0.85,0.293441597,0
202111,2021,11,0.0,0,1,0.338021788,1,260,0.307726024,0.84,0.30376181399999996,0
202112,2021,12,0.0,0,1,0.337680235,1,260,0.307726024,0.84,0.30406535,0
202113,2021,13,0.0,0,1,0.33851331700000004,1,260,0.30427919999999997,0.81,0.30450701199999997,0
202114,2021,14,0.0,0,1,0.34448374,1,260,0.30427919999999997,0.79,0.307672255,0
202115,2021,15,0.0,0,1,0.350870704,1,260,0.30427919999999997,0.77,0.31105832899999997,0
202116,2021,16,0.0,0,1,0.352259174,0,260,0.30427919999999997,0.77,0.0,0
202117,2021,17,0.0,0,1,0.352156905,0,260,0.318947414,0.77,0.0,0
202118,2021,18,0.0,0,1,0.34867976700000003,0,260,0.318947414,0.77,0.0,0
202119,2021,19,0.0,0,1,0.343668596,0,260,0.318947414,0.23,0.0,0
202120,2021,20,0.0,0,1,0.34152095200000004,0,260,0.318947414,0.19,0.0,0
202121,2021,21,0.0009,0,1,0.34152095200000004,0,260,0.318947414,0.17,0.0,0.09
202122,2021,22,0.0,0,1,0.343338262,0,260,0.34507459100000004,0.15,0.0,0
202123,2021,23,0.0,0,1,0.349153654,0,260,0.34507459100000004,0.14,0.0,0
202124,2021,24,0.0,0,1,0.35387866,0,260,0.34507459100000004,0.13,0.0,0
202125,2021,25,0.0,0,1,0.35424212200000005,0,260,0.34507459100000004,0.11,0.0,0
202126,2021,26,0.0,0,1,0.353619505,0,260,0.36268732200000003,0.09,0.0,0
202127,2021,27,0.0,0,1,0.349157417,0,260,0.36268732200000003,0.08,0.0,0
202128,2021,28,0.0,0,1,0.34438402,0,260,0.36268732200000003,0.08,0.0,0
202129,2021,29,0.0,0,1,0.343346325,0,260,0.36268732200000003,0.58,0.0,0
202130,2021,30,0.0,0,1,0.343346325,0,260,0.36268732200000003,0.58,0.0,0
202131,2021,31,0.0,0,1,0.343695064,0,260,0.352441236,0.58,0.0,0
202132,2021,32,0.0,0,1,0.34430535700000003,0,260,0.352441236,0.58,0.0,0
202133,2021,33,0.0,0,1,0.344654096,0,260,0.352441236,0.58,0.0,0
202134,2021,34,0.002,0,1,0.344654096,0,260,0.352441236,0.58,0.0,0.2
202135,2021,35,0.0,0,1,0.345613303,0,260,0.287079509,0.58,0.0,0
202136,2021,36,0.0,0,1,0.35002565399999996,0,260,0.287079509,0.58,0.0,0
202137,2021,37,0.0,0,1,0.354150244,0,260,0.287079509,0.58,0.0,0
202138,2021,38,0.0,0,1,0.354725768,0,260,0.287079509,0.58,0.0,0.0
202139,2021,39,0.0,0,1,0.354460504,0,260,0.28739372,0.58,0.0,0.0
202140,2021,40,0.0,0,1,0.351012065,0,260,0.28739372,0.58,0.0,0.0
202141,2021,41,0.0,0,1,0.346767834,0,260,0.28739372,0.58,0.0,0.0
202142,2021,42,0.0,0,1,0.345441512,0,260,0.28739372,0.58,0.0,0.0
202143,2021,43,0.0,0,1,0.345441512,0,260,0.28739372,0.58,0.0,0.0
202144,2021,44,0.0,0,1,0.34773023,0,260,0.267180097,0.58,0.0,0.0
202145,2021,45,0.0,0,1,0.35307057299999994,0,260,0.267180097,0.58,0.0,0.0
202146,2021,46,0.0,0,1,0.356776118,0,260,0.267180097,0.58,0.0,0.0
202147,2021,47,0.0,0,1,0.356885104,0,260,0.267180097,0.58,0.0,0.0
202148,2021,48,0.0,0,1,0.355932112,0,260,0.298615485,0.58,0.283370897,0.0
202149,2021,49,0.0,0,1,0.351548346,0,260,0.298615485,0.58,0.293485725,0.0
202150,2021,50,0.0,0,1,0.347450479,1,260,0.298615485,0.58,0.302940891,0.0
202151,2021,51,0.0,0,1,0.34687868299999997,1,260,0.298615485,0.58,0.304260217,0.0
202152,2021,52,0.0,0,1,0.34681887299999997,1,260,0.298615485,0.58,0.304192381,0.0
202201,2022,1,0.0,0,1,0.33934124600000004,1,260,0.285747667,0.58,0.29022713899999997,0.0
202202,2022,2,0.0,0,1,0.336456829,1,260,0.285747667,0.58,0.28703158100000004,0.0
202203,2022,3,0.0,0,1,0.33522065100000004,1,260,0.285747667,0.58,0.285662056,0.0
202204,2022,4,0.0,0,1,0.33522065100000004,1,260,0.285747667,0.58,0.285662056,0.0
202205,2022,5,0.0,0,1,0.340742444,1,260,0.239332364,0.58,0.283658055,0.0
202206,2022,6,0.0,0,1,0.358412181,1,260,0.239332364,0.58,0.277245253,0.0
202207,2022,7,0.0,0,1,0.37276884299999996,1,260,0.239332364,0.58,0.27203485,0.0
202208,2022,8,0.0,0,1,0.373873202,1,260,0.239332364,0.58,0.27163405,0.0
202209,2022,9,0.0,0,1,0.36876561,1,260,0.307726024,0.58,0.276182356,0.0
202210,2022,10,0.0,0,1,0.352421318,1,260,0.307726024,0.58,0.290736934,0.0
202211,2022,11,0.0,0,1,0.33914158,1,260,0.307726024,0.58,0.302562528,0.0
202212,2022,12,0.0,0,1,0.338120061,1,260,0.307726024,0.58,0.303472189,0.0
202213,2022,13,0.0,0,1,0.33854416299999995,1,260,0.30427919999999997,0.58,0.303704029,0.0
202214,2022,14,0.0,0,1,0.34405747600000003,1,260,0.30427919999999997,0.58,0.30671794399999996,0.0
202215,2022,15,0.0,0,1,0.35084309399999997,1,260,0.30427919999999997,0.58,0.31042737800000003,0.0
202216,2022,16,0.0,0,1,0.35296359899999996,0,260,0.30427919999999997,0.58,0.0,0.0
202217,2022,17,0.0,0,1,0.35296359899999996,0,260,0.30427919999999997,0.58,0.0,0.0
202218,2022,18,0.0,0,1,0.35009463399999996,0,260,0.318947414,0.58,0.0,0.0
202219,2022,19,0.0,0,1,0.34507394399999997,0,260,0.318947414,0.58,0.0,0.0
202220,2022,20,0.0,0,1,0.34220497899999996,0,260,0.318947414,0.58,0.0,0.0
202221,2022,21,0.0,0,1,0.34220497899999996,0,260,0.318947414,0.58,0.0,0.0
202222,2022,22,0.0,0,1,0.34343268,0,260,0.34507459100000004,0.58,0.0,0.0
202223,2022,23,0.0,0,1,0.349080105,0,260,0.34507459100000004,0.58,0.0,0.0
202224,2022,24,0.0,0,1,0.354359219,0,260,0.34507459100000004,0.58,0.0,0.0
202225,2022,25,0.0,0,1,0.35509584,0,260,0.34507459100000004,0.58,0.0,0.0
202226,2022,26,0.0,0,1,0.354781995,0,260,0.36268732200000003,0.58,0.0,0.0
202227,2022,27,0.0,0,1,0.350702013,0,260,0.36268732200000003,0.58,0.0,0.0
202228,2022,28,0.0,0,1,0.34568049700000003,0,260,0.36268732200000003,0.58,0.0,0.0
202229,2022,29,0.0,0,1,0.34411127399999997,0,260,0.36268732200000003,0.58,0.0,0.0
202230,2022,30,0.0,0,1,0.34411127399999997,0,260,0.36268732200000003,0.58,0.0,0.0
202231,2022,31,0.0,0,1,0.344437796,0,260,0.352441236,0.58,0.0,0.0
202232,2022,32,0.0,0,1,0.345199682,0,260,0.352441236,0.58,0.0,0.0
202233,2022,33,0.0,0,1,0.34572833700000005,0,260,0.352441236,0.58,0.0,0.0
202234,2022,34,0.0,0,1,0.345743886,0,260,0.352441236,0.58,0.0,0.0
202235,2022,35,0.0,0,1,0.346298283,0,260,0.287079509,0.58,0.0,0.0
202236,2022,36,0.0,0,1,0.350271468,0,260,0.287079509,0.58,0.0,0.0
202237,2022,37,0.0,0,1,0.35452185,0,260,0.287079509,0.58,0.0,0.0
202238,2022,38,0.0,0,1,0.35544584700000004,0,260,0.287079509,0.58,0.0,0.0
202239,2022,39,0.0,0,1,0.355360209,0,260,0.28739372,0.58,0.0,0.0
202240,2022,40,0.0,0,1,0.35244850899999997,0,260,0.28739372,0.58,0.0,0.0
202241,2022,41,0.0,0,1,0.348252237,0,260,0.28739372,0.58,0.0,0.0
202242,2022,42,0.0,0,1,0.346453835,0,260,0.28739372,0.58,0.0,0.0
202243,2022,43,0.0,0,1,0.346453835,0,260,0.28739372,0.58,0.0,0.0
202244,2022,44,0.0,0,1,0.348066614,0,260,0.267180097,0.58,0.0,0.0
202245,2022,45,0.0,0,1,0.353227509,0,260,0.267180097,0.58,0.0,0.0
202246,2022,46,0.0,0,1,0.357420735,0,260,0.267180097,0.58,0.0,0.0
202247,2022,47,0.0,0,1,0.357743291,0,260,0.267180097,0.58,0.0,0.0
202248,2022,48,0.0,0,1,0.357173897,0,260,0.298615485,0.58,0.282144149,0.0
202249,2022,49,0.0,0,1,0.353093238,0,260,0.298615485,0.58,0.29147033899999997,0.0
202250,2022,50,0.0,0,1,0.34872788299999996,1,260,0.298615485,0.58,0.301447192,0.0
202251,2022,51,0.0,0,1,0.347778893,1,260,0.298615485,0.58,0.303616073,0.0
202252,2022,52,0.0,0,1,0.347778893,1,260,0.298615485,0.58,0.303616073,0.0
