id,year,week,positive_rate,t1,t2,volume,seasonindicator,bsweight,cpl
201114,2011,14,0.096155263,1,0,0.237299751,1,120,1
201115,2011,15,0.075711734,1,0,0.154117633,1,120,1
201116,2011,16,0.068058399,1,0,0.149134997,1,120,1
201117,2011,17,0.058517016,1,0,0.144324134,1,120,1
201118,2011,18,0.053856291,1,0,0.255780307,1,120,1
201119,2011,19,0.051351941,1,0,0.149064149,1,120,1
201120,2011,20,0.046270108,1,0,0.151013471,0,120,1
201121,2011,21,0.050378301,1,0,0.148656758,0,120,1
201122,2011,22,0.03057597,1,0,0.14519217,0,120,1
201123,2011,23,0.028735041,1,0,0.177766199,0,120,1
201124,2011,24,0.02540696,1,0,0.149233341,0,120,1
201125,2011,25,0.02088008,1,0,0.149496295,0,120,1
201126,2011,26,0.021708674,1,0,0.156530289,0,120,1
201127,2011,27,0.020316927,1,0,0.166779182,0,120,1
201128,2011,28,0.022449487,1,0,0.166360825,0,120,1
201129,2011,29,0.024706455,1,0,0.168864799,0,120,1
201130,2011,30,0.029017781,1,0,0.168329994,0,120,1
201131,2011,31,0.026881753,1,0,0.17004949,0,120,1
201132,2011,32,0.032658353,1,0,0.177428665,0,120,1
201133,2011,33,0.036437924,1,0,0.1876423,0,120,1
201134,2011,34,0.035305486,1,0,0.190086769,0,120,1
201135,2011,35,0.035107601,1,0,0.17933541,0,120,1
201136,2011,36,0.037863745,1,0,0.165014862,0,120,1
201137,2011,37,0.03533145,1,0,0.195485241,0,120,1
201138,2011,38,0.029085794,1,0,0.159229693,0,120,1
201139,2011,39,0.034848326,1,0,0.162530893,0,120,1
201140,2011,40,0.045318412,1,0,0.351413453,0,120,1
201141,2011,41,0.032610381,1,0,0.1727842,0,120,1
201142,2011,42,0.031587587,1,0,0.164394417,0,120,1
201143,2011,43,0.038505803,1,0,0.164027096,0,120,1
201144,2011,44,0.042009162,1,0,0.166316129,0,120,1
201145,2011,45,0.062884929,1,0,0.16537097,0,120,1
201146,2011,46,0.067108325,1,0,0.169776808,1,120,1
201147,2011,47,0.066111455,1,0,0.168154923,1,120,1
201148,2011,48,0.074769547,1,0,0.162645512,1,120,1
201149,2011,49,0.096125691,1,0,0.163763758,1,120,1
201150,2011,50,0.132145538,1,0,0.167337407,1,120,1
201151,2011,51,0.188325988,1,0,0.163659394,1,120,1
201152,2011,52,0.261620186,1,0,0.163372132,1,120,1
201201,2012,1,0.240714082,1,0,0.106101361,1,120,1
201202,2012,2,0.349983456,1,0,0.124305984,1,120,1
201203,2012,3,0.327029745,1,0,0.14312131,1,120,1
201204,2012,4,0.326538345,1,0,0.207915436,1,120,1
201205,2012,5,0.326091328,1,0,0.212689926,1,120,1
201206,2012,6,0.324976799,1,0,0.28440473,1,120,1
201207,2012,7,0.406861259,1,0,0.253688039,1,120,1
201208,2012,8,0.410620828,1,0,0.18067962,1,120,1
201209,2012,9,0.407803371,1,0,0.151411436,1,120,1
201210,2012,10,0.393093147,1,0,0.145242277,1,120,1
201211,2012,11,0.347402056,1,0,0.152710689,1,120,1
201212,2012,12,0.279035039,1,0,0.152315211,1,120,1
201213,2012,13,0.243907899,1,0,0.155551203,1,120,1
201214,2012,14,0.200899602,1,0,0.239672749,1,120,1
201215,2012,15,0.152999056,1,0,0.15565881,1,120,1
201216,2012,16,0.127515676,1,0,0.150626347,1,120,1
201217,2012,17,0.109708949,1,0,0.145767376,1,120,1
201218,2012,18,0.094053179,1,0,0.25833811,1,120,1
201219,2012,19,0.090507429,1,0,0.15055479,1,120,1
201220,2012,20,0.104862081,1,0,0.152523606,0,120,1
201221,2012,21,0.127490656,1,0,0.150143326,0,120,1
201222,2012,22,0.116516734,1,0,0.146644091,0,120,1
201223,2012,23,0.102860364,1,0,0.179543861,0,120,1
201224,2012,24,0.115815351,1,0,0.150725674,0,120,1
201225,2012,25,0.115520519,1,0,0.150991258,0,120,1
201226,2012,26,0.165210157,1,0,0.158095592,0,120,1
201227,2012,27,0.206222596,1,0,0.168446973,0,120,1
201228,2012,28,0.229534979,1,0,0.168024434,0,120,1
201229,2012,29,0.238228362,1,0,0.170553447,0,120,1
201230,2012,30,0.28148025,1,0,0.170013293,0,120,1
201231,2012,31,0.244590665,1,0,0.171749985,0,120,1
201232,2012,32,0.221148686,1,0,0.179202951,0,120,1
201233,2012,33,0.174638162,1,0,0.189518723,0,120,1
201234,2012,34,0.155051316,1,0,0.191987637,0,120,1
201235,2012,35,0.145087567,1,0,0.181128764,0,120,1
201236,2012,36,0.114187663,1,0,0.166665011,0,120,1
201237,2012,37,0.087481795,1,0,0.197440094,0,120,1
201238,2012,38,0.054298317,1,0,0.16082199,0,120,1
201239,2012,39,0.036660579,1,0,0.164156202,0,120,1
201240,2012,40,0.028159077,1,0,0.354927587,0,120,1
201241,2012,41,0.024490837,1,0,0.174512042,0,120,1
201242,2012,42,0.020249687,1,0,0.166038361,0,120,1
201243,2012,43,0.026988341,1,0,0.165667367,0,120,1
201244,2012,44,0.023470763,1,0,0.167979291,0,120,1
201245,2012,45,0.019957199,1,0,0.16702468,0,120,1
201246,2012,46,0.034205467,1,0,0.171474576,1,120,1
201247,2012,47,0.044735007,1,0,0.169836472,1,120,1
201248,2012,48,0.024861451,1,0,0.164271967,1,120,1
201249,2012,49,0.031796145,1,0,0.165401396,1,120,1
201250,2012,50,0.038299787,1,0,0.169010781,1,120,1
201251,2012,51,0.039630341,1,0,0.165295988,1,120,1
201252,2012,52,0.061751582,1,0,0.165005853,1,120,1
201301,2013,1,0.068433128,1,0,0.107162374,1,120,1
201302,2013,2,0.082731743,1,0,0.125549043,1,120,1
201303,2013,3,0.122551595,1,0,0.144552523,1,120,1
201304,2013,4,0.133398217,1,0,0.20999459,1,120,1
201305,2013,5,0.1301208,1,0,0.214816826,1,120,1
201306,2013,6,0.10149476,1,0,0.287248778,1,120,1
201307,2013,7,0.134159652,1,0,0.25622492,1,120,1
201308,2013,8,0.142226421,1,0,0.182486416,1,120,1
201309,2013,9,0.139720237,1,0,0.152925551,1,120,1
201310,2013,10,0.15372576,1,0,0.1466947,1,120,1
201311,2013,11,0.144899013,1,0,0.154237796,1,120,1
201312,2013,12,0.137732596,1,0,0.153838363,1,120,1
201313,2013,13,0.11579221,1,0,0.157106715,1,120,1
201314,2013,14,0.098900844,1,0,0.242069476,1,120,1
201315,2013,15,0.101012212,1,0,0.157215398,1,120,1
201316,2013,16,0.094774561,1,0,0.15213261,1,120,1
201317,2013,17,0.094729758,1,0,0.147225049,1,120,1
201318,2013,18,0.091884537,1,0,0.260921491,1,120,1
201319,2013,19,0.069083011,1,0,0.152060338,1,120,1
201320,2013,20,0.05319676,1,0,0.154048842,0,120,1
201321,2013,21,0.047790359,1,0,0.151644759,0,120,1
201322,2013,22,0.041548907,1,0,0.148110532,0,120,1
201323,2013,23,0.039710616,1,0,0.181339299,0,120,1
201324,2013,24,0.038207196,1,0,0.152232931,0,120,1
201325,2013,25,0.029719566,1,0,0.152501171,0,120,1
201326,2013,26,0.048872236,1,0,0.159676548,0,120,1
201327,2013,27,0.042202404,1,0,0.170131443,0,120,1
201328,2013,28,0.029542364,1,0,0.169704678,0,120,1
201329,2013,29,0.031906249,1,0,0.172258982,0,120,1
201330,2013,30,0.039596804,1,0,0.171713426,0,120,1
201331,2013,31,0.041342552,1,0,0.173467484,0,120,1
201332,2013,32,0.03508254,1,0,0.180994981,0,120,1
201333,2013,33,0.049118706,1,0,0.19141391,0,120,1
201334,2013,34,0.032311045,1,0,0.193907513,0,120,1
201335,2013,35,0.052688172,1,0,0.182940052,0,120,1
201336,2013,36,0.055599689,1,0,0.168331661,0,120,1
201337,2013,37,0.073090504,1,0,0.199414495,0,120,1
201338,2013,38,0.07519867,1,0,0.162430209,0,120,1
201339,2013,39,0.065331025,1,0,0.165797764,0,120,1
201340,2013,40,0.07480869,1,0,0.358476863,0,120,1
201341,2013,41,0.063416903,1,0,0.176257163,0,120,1
201342,2013,42,0.067611456,1,0,0.167698745,0,120,1
201343,2013,43,0.076373388,1,0,0.16732404,0,120,1
201344,2013,44,0.088343667,1,0,0.169659084,0,120,1
201345,2013,45,0.100639022,1,0,0.168694927,0,120,1
201346,2013,46,0.115364145,1,0,0.173189322,1,120,1
201347,2013,47,0.13789544,1,0,0.171534837,1,120,1
201348,2013,48,0.184341809,1,0,0.165914686,1,120,1
201349,2013,49,0.232349812,1,0,0.16705541,1,120,1
201350,2013,50,0.258046114,1,0,0.170700888,1,120,1
201351,2013,51,0.293778285,1,0,0.166948948,1,120,1
201352,2013,52,0.353197155,1,0,0.166655912,1,120,1
201401,2014,1,0.233684949,1,0,0.108233998,1,120,1
201402,2014,2,0.384352519,1,0,0.126804534,1,120,1
201403,2014,3,0.377191096,1,0,0.145998048,1,120,1
201404,2014,4,0.348833105,1,0,0.212094536,1,120,1
201405,2014,5,0.326579519,1,0,0.216964994,1,120,1
201406,2014,6,0.27853177,1,0,0.290121266,1,120,1
201407,2014,7,0.244060141,1,0,0.258787169,1,120,1
201408,2014,8,0.243779143,1,0,0.18431128,1,120,1
201409,2014,9,0.243001762,1,0,0.154454806,1,120,1
201410,2014,10,0.220338452,1,0,0.148161647,1,120,1
201411,2014,11,0.188389876,1,0,0.155780174,1,120,1
201412,2014,12,0.156351644,1,0,0.155376746,1,120,1
201413,2014,13,0.128091661,1,0,0.158677782,1,120,1
201414,2014,14,0.096840751,1,0,0.244490171,1,120,1
201415,2014,15,0.065894251,1,0,0.158787552,1,120,1
201416,2014,16,0.057584456,1,0,0.153653936,1,120,1
201417,2014,17,0.053785329,1,0,0.1486973,1,120,1
201418,2014,18,0.051590997,1,0,0.263530706,1,120,1
201419,2014,19,0.047948121,1,0,0.153580942,1,120,1
201420,2014,20,0.051471616,1,0,0.15558933,0,120,1
201421,2014,21,0.058684136,1,0,0.153161207,0,120,1
201422,2014,22,0.06323187,1,0,0.149591637,0,120,1
201423,2014,23,0.075113526,1,0,0.183152692,0,120,1
201424,2014,24,0.097650384,1,0,0.15375526,0,120,1
201425,2014,25,0.11095495,1,0,0.154026182,0,120,1
201426,2014,26,0.146546597,1,0,0.161273313,0,120,1
201427,2014,27,0.15709544,1,0,0.171832758,0,120,1
201428,2014,28,0.186603839,1,0,0.171401725,0,120,1
201429,2014,29,0.213473825,1,0,0.173981571,0,120,1
201430,2014,30,0.230712042,1,0,0.173430561,0,120,1
201431,2014,31,0.229143999,1,0,0.175202159,0,120,1
201432,2014,32,0.204817232,1,0,0.182804931,0,120,1
201433,2014,33,0.195741551,1,0,0.193328049,0,120,1
201434,2014,34,0.172070213,1,0,0.195846589,0,120,1
201435,2014,35,0.157272596,1,0,0.184769453,0,120,1
201436,2014,36,0.131832639,1,0,0.170014978,0,120,1
201437,2014,37,0.108687627,1,0,0.20140864,0,120,1
201438,2014,38,0.086250772,1,0,0.164054511,0,120,1
201439,2014,39,0.062307012,1,0,0.167455741,0,120,1
201440,2014,40,0.046504683,1,0,0.362061632,0,120,1
201441,2014,41,0.03495255,1,0,0.178019734,0,120,1
201442,2014,42,0.027705842,1,0,0.169375732,0,120,1
201443,2014,43,0.031702519,1,0,0.168997281,0,120,1
201444,2014,44,0.02199465,1,0,0.171355674,0,120,1
201445,2014,45,0.02417399,1,0,0.170381876,0,120,1
201446,2014,46,0.031516196,1,0,0.174921215,1,120,1
201447,2014,47,0.040719342,1,0,0.173250185,1,120,1
201448,2014,48,0.034193379,1,0,0.167573833,1,120,1
201449,2014,49,0.045124894,1,0,0.168725964,1,120,1
201450,2014,50,0.062318095,1,0,0.172407897,1,120,1
201451,2014,51,0.077836752,1,0,0.168618437,1,120,1
201452,2014,52,0.113365669,1,0,0.168322471,1,120,1
201501,2015,1,0.173046682,1,0,0.109316338,1,120,1
201502,2015,2,0.169362962,1,0,0.128072579,1,120,1
201503,2015,3,0.213938571,1,0,0.147458029,1,120,1
201504,2015,4,0.223756652,1,0,0.214215481,1,120,1
201505,2015,5,0.198710896,1,0,0.219134644,1,120,1
201506,2015,6,0.185313454,1,0,0.293022478,1,120,1
201507,2015,7,0.180620266,1,0,0.261375041,1,120,1
201508,2015,8,0.163341524,1,0,0.186154393,1,120,1
201509,2015,9,0.164561649,1,0,0.155999354,1,120,1
201510,2015,10,0.132236486,1,0,0.149643264,1,120,1
201511,2015,11,0.150864707,1,0,0.157337976,1,120,1
201512,2015,12,0.142366324,1,0,0.156930514,1,120,1
201513,2015,13,0.122508613,1,0,0.16026456,1,120,1
201514,2015,14,0.105571581,1,0,0.246935073,1,120,1
201515,2015,15,0.088735821,1,0,0.160375427,1,120,1
201516,2015,16,0.084259892,1,0,0.155190476,1,120,1
201517,2015,17,0.069758228,1,0,0.150184273,1,120,1
201518,2015,18,0.066736371,1,0,0.266166013,1,120,1
201519,2015,19,0.065027277,1,0,0.155116751,1,120,1
201520,2015,20,0.052031376,1,0,0.157145224,0,120,1
201521,2015,21,0.056212261,1,0,0.154692819,0,120,1
201522,2015,22,0.07473877,1,0,0.151087554,0,120,1
201523,2015,23,0.109703157,1,0,0.184984219,0,120,1
201524,2015,24,0.139690019,1,0,0.155292813,0,120,1
201525,2015,25,0.182253023,1,0,0.155566444,0,120,1
201526,2015,26,0.202550082,1,0,0.162886046,0,120,1
201527,2015,27,0.232023986,1,0,0.173551085,0,120,1
201528,2015,28,0.234314836,1,0,0.173115742,0,120,1
201529,2015,29,0.231524028,1,0,0.175721387,0,120,1
201530,2015,30,0.246786771,1,0,0.175164866,0,120,1
201531,2015,31,0.261667745,1,0,0.176954181,0,120,1
201532,2015,32,0.210826862,1,0,0.18463298,0,120,1
201533,2015,33,0.1836022,1,0,0.19526133,0,120,1
201534,2015,34,0.166075656,1,0,0.197805054,0,120,1
201535,2015,35,0.139493454,1,0,0.186617147,0,120,1
201536,2015,36,0.108027,1,0,0.171715128,0,120,1
201537,2015,37,0.078959611,1,0,0.203422726,0,120,1
201538,2015,38,0.062134601,1,0,0.165695057,0,120,1
201539,2015,39,0.047010472,1,0,0.169130299,0,120,1
201540,2015,40,0.04588344,1,0,0.365682248,0,120,1
201541,2015,41,0.042458312,1,0,0.179799932,0,120,1
201542,2015,42,0.030075306,1,0,0.17106949,0,120,1
201543,2015,43,0.030589526,1,0,0.170687254,0,120,1
201544,2015,44,0.022306796,1,0,0.173069231,0,120,1
201545,2015,45,0.025758157,1,0,0.172085695,0,120,1
201546,2015,46,0.02811232,1,0,0.176670427,1,120,1
201547,2015,47,0.032052215,1,0,0.174982687,1,120,1
201548,2015,48,0.037938996,1,0,0.169249572,1,120,1
201549,2015,49,0.053580043,1,0,0.170413224,1,120,1
201550,2015,50,0.058822752,1,0,0.174131976,1,120,1
201551,2015,51,0.078386474,1,0,0.170304622,1,120,1
201552,2015,52,0.097112801,1,0,0.170005695,1,120,1
201601,2016,1,0.131656839,1,0,0.110409501,1,120,1
201602,2016,2,0.16084441,1,0,0.129353305,1,120,1
201603,2016,3,0.177303271,1,0,0.148932609,1,120,1
201604,2016,4,0.181651162,1,0,0.216357636,1,120,1
201605,2016,5,0.205805246,1,0,0.22132599,1,120,1
201606,2016,6,0.209336235,1,0,0.295952703,1,120,1
201607,2016,7,0.204457717,1,0,0.263988791,1,120,1
201608,2016,8,0.234591808,1,0,0.188015937,1,120,1
201609,2016,9,0.260677298,1,0,0.157559348,1,120,1
201610,2016,10,0.288409407,1,0,0.151139696,1,120,1
201611,2016,11,0.287524954,1,0,0.158911356,1,120,1
201612,2016,12,0.317651069,1,0,0.158499819,1,120,1
201613,2016,13,0.316031702,1,0,0.161867206,1,120,1
201614,2016,14,0.302475401,1,0,0.249404423,1,120,1
201615,2016,15,0.266018018,1,0,0.161979182,1,120,1
201616,2016,16,0.210725769,1,0,0.15674238,1,120,1
201617,2016,17,0.184139568,1,0,0.151686116,1,120,1
201618,2016,18,0.138320592,1,0,0.268827673,1,120,1
201619,2016,19,0.104924306,1,0,0.156667919,1,120,1
201620,2016,20,0.088906072,1,0,0.158716676,0,120,1
201621,2016,21,0.072679639,1,0,0.156239747,0,120,1
201622,2016,22,0.060555941,1,0,0.152598429,0,120,1
201623,2016,23,0.05323315,1,0,0.186834062,0,120,1
201624,2016,24,0.039882616,1,0,0.156845741,0,120,1
201625,2016,25,0.03324568,1,0,0.157122108,0,120,1
201626,2016,26,0.02925724,1,0,0.164514907,0,120,1
201627,2016,27,0.026163987,1,0,0.175286596,0,120,1
201628,2016,28,0.021823831,1,0,0.174846899,0,120,1
201629,2016,29,0.02448941,1,0,0.177478601,0,120,1
201630,2016,30,0.01965511,1,0,0.176916515,0,120,1
201631,2016,31,0.019632751,1,0,0.178723723,0,120,1
201632,2016,32,0.026190865,1,0,0.18647931,0,120,1
201633,2016,33,0.032933878,1,0,0.197213943,0,120,1
201634,2016,34,0.042746804,1,0,0.199783105,0,120,1
201635,2016,35,0.043938351,1,0,0.188483319,0,120,1
201636,2016,36,0.053538066,1,0,0.173432279,0,120,1
201637,2016,37,0.057899806,1,0,0.205456953,0,120,1
201638,2016,38,0.063759395,1,0,0.167352007,0,120,1
201639,2016,39,0.071414833,1,0,0.170821602,0,120,1
201640,2016,40,0.082633208,1,0,0.369339071,0,120,1
201641,2016,41,0.091678789,1,0,0.181597931,0,120,1
201642,2016,42,0.116131347,1,0,0.172780184,0,120,1
201643,2016,43,0.138226955,1,0,0.172394126,0,120,1
201644,2016,44,0.16383891,1,0,0.174799923,0,120,1
201645,2016,45,0.181117479,1,0,0.173806552,0,120,1
201646,2016,46,0.203490845,1,0,0.178437131,1,120,1
201647,2016,47,0.187279281,1,0,0.176732514,1,120,1
201648,2016,48,0.209827317,1,0,0.170942067,1,120,1
201649,2016,49,0.209604273,1,0,0.172117356,1,120,1
201650,2016,50,0.190167782,1,0,0.175873296,1,120,1
201651,2016,51,0.20472048,1,0,0.172007668,1,120,1
201652,2016,52,0.177210226,1,0,0.171705752,1,120,1
201701,2017,1,0.169802229,1,0,0.111513596,1,120,1
201702,2017,2,0.142558041,1,0,0.130646838,1,120,1
201703,2017,3,0.125206076,1,0,0.150421935,1,120,1
201704,2017,4,0.110124473,1,0,0.218521212,1,120,1
201705,2017,5,0.095727923,1,0,0.22353925,1,120,1
201706,2017,6,0.101648049,1,0,0.29891223,1,120,1
201707,2017,7,0.104204396,1,0,0.266628679,1,120,1
201708,2017,8,0.103328929,1,0,0.189896096,1,120,1
201709,2017,9,0.119031423,1,0,0.159134941,1,120,1
201710,2017,10,0.126232798,1,0,0.152651093,1,120,1
201711,2017,11,0.123498142,1,0,0.160500469,1,120,1
201712,2017,12,0.139535821,1,0,0.160084817,1,120,1
201713,2017,13,0.153280585,1,0,0.163485878,1,120,1
201714,2017,14,0.150384403,1,0,0.251898468,1,120,1
201715,2017,15,0.140395736,1,0,0.163598973,1,120,1
201716,2017,16,0.129698192,1,0,0.158309804,1,120,1
201717,2017,17,0.125805597,1,0,0.153202977,1,120,1
201718,2017,18,0.117561858,1,0,0.27151595,1,120,1
201719,2017,19,0.109436892,1,0,0.158234598,1,120,1
201720,2017,20,0.100144405,1,0,0.160303843,0,120,1
201721,2017,21,0.084502403,1,0,0.157802144,0,120,1
201722,2017,22,0.07324649,1,0,0.154124414,0,120,1
201723,2017,23,0.063950734,1,0,0.188702402,0,120,1
201724,2017,24,0.06205287,1,0,0.158414198,0,120,1
201725,2017,25,0.072172288,1,0,0.15869333,0,120,1
201726,2017,26,0.099078175,1,0,0.166160056,0,120,1
201727,2017,27,0.123987878,1,0,0.177039462,0,120,1
201728,2017,28,0.177047664,1,0,0.176595368,0,120,1
201729,2017,29,0.221787616,1,0,0.179253387,0,120,1
201730,2017,30,0.238322182,1,0,0.17868568,0,120,1
201731,2017,31,0.228382282,1,0,0.18051096,0,120,1
201732,2017,32,0.250476723,1,0,0.188344103,0,120,1
201733,2017,33,0.256966206,1,0,0.199186083,0,120,1
201734,2017,34,0.267358204,1,0,0.201780936,0,120,1
201735,2017,35,0.258035941,1,0,0.190368152,0,120,1
201736,2017,36,0.241799517,1,0,0.175166602,0,120,1
201737,2017,37,0.238991269,1,0,0.207511523,0,120,1
201738,2017,38,0.168803282,1,0,0.169025527,0,120,1
201739,2017,39,0.147592454,1,0,0.172529818,0,120,1
201740,2017,40,0.126766306,1,0,0.373032462,0,120,1
201741,2017,41,0.120627224,1,0,0.18341391,0,120,1
201742,2017,42,0.12344457,1,0,0.174507986,0,120,1
201743,2017,43,0.117488934,1,0,0.174118067,0,120,1
201744,2017,44,0.121941446,1,0,0.176547923,0,120,1
201745,2017,45,0.139382843,1,0,0.175544617,0,120,1
201746,2017,46,0.146590707,1,0,0.180221503,1,120,1
201747,2017,47,0.172246976,1,0,0.178499839,1,120,1
201748,2017,48,0.213429811,1,0,0.172651488,1,120,1
201749,2017,49,0.249162369,1,0,0.173838529,1,120,1
201750,2017,50,0.297705672,1,0,0.177632029,1,120,1
201751,2017,51,0.352713645,1,0,0.173727745,1,120,1
201752,2017,52,0.388155395,1,0,0.17342281,1,120,1
201801,2018,1,0.418533848,1,0,0.112628732,1,120,1
201802,2018,2,0.446431872,1,0,0.131953306,1,120,1
201803,2018,3,0.466587063,1,0,0.151926154,1,120,1
201804,2018,4,0.439554909,1,0,0.220706425,1,120,1
201805,2018,5,0.413664855,1,0,0.225774643,1,120,1
201806,2018,6,0.383230503,1,0,0.301901352,1,120,1
201807,2018,7,0.34740217,1,0,0.269294966,1,120,1
201808,2018,8,0.347993807,1,0,0.191795057,1,120,1
201809,2018,9,0.304421601,1,0,0.160726291,1,120,1
201810,2018,10,0.242348915,1,0,0.154177604,1,120,1
201811,2018,11,0.194489716,1,0,0.162105474,1,120,1
201812,2018,12,0.13487832,1,0,0.161685665,1,120,1
201813,2018,13,0.094628799,1,0,0.165120737,1,120,1
201814,2018,14,0.071695379,1,0,0.254417452,1,120,1
201815,2018,15,0.051181736,1,0,0.165234963,1,120,1
201816,2018,16,0.040920395,1,0,0.159892902,1,120,1
201817,2018,17,0.03367986,1,0,0.154735007,1,120,1
201818,2018,18,0.025525901,1,0,0.274231109,1,120,1
201819,2018,19,0.028318627,1,0,0.159816944,1,120,1
201820,2018,20,0.021542449,1,0,0.161906881,0,120,1
201821,2018,21,0.025745777,1,0,0.159380166,0,120,1
201822,2018,22,0.025687419,1,0,0.155665658,0,120,1
201823,2018,23,0.016030392,1,0,0.190589426,0,120,1
201824,2018,24,0.015041439,1,0,0.15999834,0,120,1
201825,2018,25,0.021451441,1,0,0.160280263,0,120,1
201826,2018,26,0.011850347,1,0,0.167821656,0,120,1
201827,2018,27,0.015683018,1,0,0.178809857,0,120,1
201828,2018,28,0.012552557,1,0,0.178361322,0,120,1
201829,2018,29,0.013384975,1,0,0.181045921,0,120,1
201830,2018,30,0.015869724,1,0,0.180472537,0,120,1
201831,2018,31,0.011452011,1,0,0.182316069,0,120,1
201832,2018,32,0.008001719,1,0,0.190227544,0,120,1
201833,2018,33,0.011287744,1,0,0.201177944,0,120,1
201834,2018,34,0.012096145,1,0,0.203798745,0,120,1
201835,2018,35,0.010353631,1,0,0.192271833,0,120,1
201836,2018,36,0.010915448,1,0,0.176918268,0,120,1
201837,2018,37,0.010863433,1,0,0.209586638,0,120,1
201838,2018,38,0.011950609,1,0,0.170715783,0,120,1
201839,2018,39,0.01409831,1,0,0.174255116,0,120,1
201840,2018,40,0.006498409,1,0,0.376762786,0,120,1
201841,2018,41,0.008261455,1,0,0.18524805,0,120,1
201842,2018,42,0.009334053,1,0,0.176253066,0,120,1
201843,2018,43,0.015925355,1,0,0.175859248,0,120,1
201844,2018,44,0.01834978,1,0,0.178313402,0,120,1
201845,2018,45,0.022849915,1,0,0.177300063,0,120,1
201846,2018,46,0.031414051,1,0,0.182023718,1,120,1
201847,2018,47,0.044645682,1,0,0.180284838,1,120,1
201848,2018,48,0.066153525,1,0,0.174378003,1,120,1
201849,2018,49,0.083794733,1,0,0.175576915,1,120,1
201850,2018,50,0.123732847,1,0,0.179408349,1,120,1
201851,2018,51,0.177412491,1,0,0.175465022,1,120,1
201852,2018,52,0.240069328,1,0,0.175157038,1,120,1
201901,2019,1,0.330976458,1,0,0.11375502,1,120,1
201902,2019,2,0.411079858,1,0,0.13327284,1,120,1
201903,2019,3,0.456865765,1,0,0.153445416,1,120,1
201904,2019,4,0.440495262,1,0,0.222913489,1,120,1
201905,2019,5,0.442269855,1,0,0.228032389,1,120,1
201906,2019,6,0.391818804,1,0,0.304920366,1,120,1
201907,2019,7,0.353094122,1,0,0.271987915,1,120,1
201908,2019,8,0.335433083,1,0,0.193713008,1,120,1
201909,2019,9,0.323040631,1,0,0.162333554,1,120,1
201910,2019,10,0.334021308,1,0,0.15571938,1,120,1
201911,2019,11,0.328510129,1,0,0.163726529,1,120,1
201912,2019,12,0.304072748,1,0,0.163302522,1,120,1
201913,2019,13,0.300541057,1,0,0.166771944,1,120,1
201914,2019,14,0.27904966,1,0,0.256961627,1,120,1
201915,2019,15,0.266208189,1,0,0.166887313,1,120,1
201916,2019,16,0.254503307,1,0,0.161491831,1,120,1
201917,2019,17,0.234708478,1,0,0.156282357,1,120,1
201918,2019,18,0.210785112,1,0,0.27697342,1,120,1
201919,2019,19,0.212253453,1,0,0.161415113,1,120,1
201920,2019,20,0.217383645,1,0,0.16352595,0,120,1
201921,2019,21,0.197506063,1,0,0.160973967,0,120,1
201922,2019,22,0.175894256,1,0,0.157222314,0,120,1
201923,2019,23,0.164058742,1,0,0.19249532,0,120,1
201924,2019,24,0.13889285,1,0,0.161598324,0,120,1
201925,2019,25,0.138407017,1,0,0.161883066,0,120,1
201926,2019,26,0.050394554,1,0,0.169499873,0,120,1
201927,2019,27,0.037537701,1,0,0.180597955,0,120,1
201928,2019,28,0.041926802,1,0,0.180144935,0,120,1
201929,2019,29,0.048360955,1,0,0.18285638,0,120,1
201930,2019,30,0.043897943,1,0,0.182277262,0,120,1
201931,2019,31,0.041922175,1,0,0.18413923,0,120,1
201932,2019,32,0.044953996,1,0,0.192129819,0,120,1
201933,2019,33,0.038017399,1,0,0.203189723,0,120,1
201934,2019,34,0.030360326,1,0,0.205836733,0,120,1
201935,2019,35,0.029001217,1,0,0.194194552,0,120,1
201936,2019,36,0.030528818,1,0,0.17868745,0,120,1
201937,2019,37,0.041324105,1,0,0.211682504,0,120,1
201938,2019,38,0.030062628,1,0,0.17242294,0,120,1
201939,2019,39,0.028799396,1,0,0.175997667,0,120,1
201940,2019,40,0.031989263,1,0,0.380530414,0,120,1
201941,2019,41,0.027397737,1,0,0.18710053,0,120,1
201942,2019,42,0.039460999,1,0,0.178015597,0,120,1
201943,2019,43,0.03889964,1,0,0.17761784,0,120,1
201944,2019,44,0.052328573,1,0,0.180096536,0,120,1
201945,2019,45,0.053725838,1,0,0.179073064,0,120,1
201946,2019,46,0.067645571,1,0,0.183843955,1,120,1
201947,2019,47,0.100874174,1,0,0.182087686,1,120,1
201948,2019,48,0.13037635,1,0,0.176121783,1,120,1
201949,2019,49,0.157973456,1,0,0.177332684,1,120,1
201950,2019,50,0.250859802,1,0,0.181202433,1,120,1
201951,2019,51,0.316293532,1,0,0.177219672,1,120,1
201952,2019,52,0.349223486,1,0,0.176908608,1,120,1
202001,2020,1,0.365024689,1,0,0.188762665,1,120,1
202002,2020,2,0.385585018,1,0,0.215008293,1,120,1
202003,2020,3,0.358455922,1,0,0.328592445,1,120,1
202004,2020,4,0.338038337,0,1,0.217847678,1,120,1
202005,2020,5,0.233189482,0,1,0.089017546,1,120,1
202006,2020,6,0.081789964,0,1,0.049378166,1,120,1
202007,2020,7,0.034918447,0,1,0.036563942,1,120,1
202008,2020,8,0.010364808,0,1,0.08546321,1,120,1
202009,2020,9,0.01999944,0,1,0.138533092,1,120,1
202010,2020,10,0.005968611,0,1,0.152265582,1,120,1
202011,2020,11,0.007987541,0,1,0.17080697,1,120,1
202012,2020,12,0.008528146,0,1,0.191102562,1,120,1
202013,2020,13,0.005864142,0,1,0.202902089,1,120,1
202014,2020,14,0.002538787,0,1,0.242326179,1,120,1
202015,2020,15,0.001778907,0,1,0.236687565,1,120,1
202016,2020,16,0.001755413,0,1,0.228305446,1,120,1
202017,2020,17,0.00101626,0,1,0.223148021,1,120,1
202018,2020,18,0.000638679,0,1,0.30742689,1,120,1
202019,2020,19,0.000261097,0,1,0.236134893,1,120,1
202020,2020,20,0.000265463,0,1,0.2109019,0,120,1
202021,2020,21,0.001859251,0,1,0.208900782,0,120,1
202022,2020,22,0.001859251,0,1,0.206840915,0,120,1
202023,2020,23,0.001859251,0,1,0.203951645,0,120,1
202024,2020,24,0.003453039,0,1,0.203131074,0,120,1
202025,2020,25,0.000670991,0,1,0.201379522,0,120,1
202026,2020,26,0.0004689,0,1,0.244961119,0,120,1
202027,2020,27,0.0004689,0,1,0.206305133,0,120,1
202028,2020,28,0.000266809,0,1,0.210793914,0,120,1
202029,2020,29,0.000268673,0,1,0.234507371,0,120,1
202030,2020,30,0.000283046,0,1,0.222168847,0,120,1
202031,2020,31,0.00056243,0,1,0.227348448,0,120,1
202032,2020,32,0.000544512,0,1,0.23406047,0,120,1
202033,2020,33,0.000526593,0,1,0.243676431,0,120,1
202034,2020,34,0.000460299,0,1,0.241986687,0,120,1
202035,2020,35,0.000277085,0,1,0.244996666,0,120,1
202036,2020,36,0.000530188,0,1,0.22393976,0,120,1
202037,2020,37,0.00078329,0,1,0.22180859,0,120,1
202038,2020,38,0.000424719,0,1,0.223277574,0,120,1
202039,2020,39,0.00026137,0,1,0.227359484,0,120,1
202040,2020,40,0.001149954,0,1,0.457393455,0,120,1
202041,2020,41,0.00027465,0,1,0.34356881,0,120,1
202042,2020,42,0.000367316,0,1,0.230842443,0,120,1
202043,2020,43,0.000459982,0,1,0.231192022,0,120,1
202044,2020,44,0.001364877,0,1,0.232747313,0,120,1
202045,2020,45,0.000446528,0,1,0.233326653,0,120,1
202046,2020,46,0.001141553,0,1,0.235901359,1,120,1
202047,2020,47,0.001707942,0,1,0.233980916,1,120,1
202048,2020,48,0.000625521,0,1,0.227612232,1,120,1
202049,2020,49,0.004374089,0,1,0.232152183,1,120,1
202050,2020,50,0.005716799,0,1,0.227797021,1,120,1
202051,2020,51,0.007682458,0,1,0.224061978,1,120,0.9675
202052,2020,52,0.012876428,0,1,0.227074206,1,120,0.922
202053,2020,53,0.011876988,0,1,0.254025013,1,120,0.8672
202101,2021,1,0.024327532,0,1,0.216182828,1,120,0.75665
202102,2021,2,0.0256626,0,1,0.234328574,1,120,0.65455
202103,2021,3,0.03328355,0,1,0.23813961,1,120,0.4687
202104,2021,4,0.029609408,0,1,0.236800351,1,120,0.3
202105,2021,5,0.024081878,0,1,0.21367769,1,120,0.3
202106,2021,6,0.013439522,0,1,0.194753318,1,120,0.3
202107,2021,7,0.012443168,0,1,0.35605327,1,120,0.3
202108,2021,8,0.01177394,0,1,0.280704978,1,120,0.3
202109,2021,9,0.014907573,0,1,0.272607286,1,120,0.3
202110,2021,10,0.015487964,0,1,0.256666099,1,120,0.3
202111,2021,11,0.026018303,0,1,0.258180096,1,120,0.3
202112,2021,12,0.026056746,0,1,0.264933159,1,120,0.3
202113,2021,13,0.021635076,0,1,0.344395687,1,120,0.3
202114,2021,14,0.019304243,0,1,0.30747685,1,120,0.3
202115,2021,15,0.021073559,0,1,0.261311013,1,120,0.3
202116,2021,16,0.02685909,0,1,0.250980373,1,120,0.3
202117,2021,17,0.034476227,0,1,0.391061728,1,120,0.3
202118,2021,18,0.03257591,0,1,0.34768394,1,120,0.3
202119,2021,19,0.027789214,0,1,0.257806374,1,120,0.3
202120,2021,20,0.029417611,0,1,0.254224671,0,120,0.3
202121,2021,21,0.039025284,0,1,0.242717257,0,120,0.3
202122,2021,22,0.043776993,0,1,0.22717366,0,120,0.3
202123,2021,23,0.045745856,0,1,0.24267672,0,120,0.3
202124,2021,24,0.040188115,0,1,0.235485681,0,120,0.3
202125,2021,25,0.035891892,0,1,0.22341747,0,120,0.3
202126,2021,26,0.030854606,0,1,0.246771313,0,120,0.3
202127,2021,27,0.03743684,0,1,0.268556131,0,120,0.3
202128,2021,28,0.047251049,0,1,0.149435849,0,120,0.3
202129,2021,29,0,0,1,0.236852444,0,120,0.3
202130,2021,30,0,0,1,0.224390536,0,120,0.3
202131,2021,31,0,0,1,0.229621933,0,120,0.3
202132,2021,32,0,0,1,0.236401074,0,120,0.3
202133,2021,33,0,0,1,0.246113196,0,120,0.3
202134,2021,34,0,0,1,0.244406554,0,120,0.3
202135,2021,35,0,0,1,0.247446633,0,120,0.3
202136,2021,36,0,0,1,0.226179158,0,120,0.3
202137,2021,37,0,0,1,0.224026676,0,120,0.3
202138,2021,38,0,0,1,0.22551035,0,120,0.3
202139,2021,39,0,0,1,0.229633079,0,120,0.3
202140,2021,40,0,0,1,0.461967389,0,120,0
202141,2021,41,0,0,1,0.347004498,0,120,0
202142,2021,42,0,0,1,0.233150867,0,120,0
202143,2021,43,0,0,1,0.233503942,0,120,0
202144,2021,44,0,0,1,0.235074786,0,120,0
202145,2021,45,0,0,1,0.23565992,0,120,0
202146,2021,46,0,0,1,0.238260372,1,120,0
202147,2021,47,0,0,1,0.236320725,1,120,0
202148,2021,48,0,0,1,0.229888354,1,120,0
202149,2021,49,0,0,1,0.234473705,1,120,0
202150,2021,50,0,0,1,0.230074991,1,120,0
202151,2021,51,0,0,1,0.226302598,1,120,0
202152,2021,52,0,0,1,0.229344949,1,120,0
202201,2022,1,0,0,1,0.218344656,1,120,0
202202,2022,2,0,0,1,0.23667186,1,120,0
202203,2022,3,0,0,1,0.240521006,1,120,0
202204,2022,4,0,0,1,0.239168354,1,120,0
202205,2022,5,0,0,1,0.215814467,1,120,0
202206,2022,6,0,0,1,0.196700851,1,120,0
202207,2022,7,0,0,1,0.359613802,1,120,0
202208,2022,8,0,0,1,0.283512028,1,120,0
202209,2022,9,0,0,1,0.275333359,1,120,0
202210,2022,10,0,0,1,0.25923276,1,120,0
202211,2022,11,0,0,1,0.260761897,1,120,0
202212,2022,12,0,0,1,0.26758249,1,120,0
202213,2022,13,0,0,1,0.347839644,1,120,0
202214,2022,14,0,0,1,0.310551618,1,120,0
202215,2022,15,0,0,1,0.263924123,1,120,0
202216,2022,16,0,0,1,0.253490177,1,120,0
202217,2022,17,0,0,1,0.394972346,1,120,0
202218,2022,18,0,0,1,0.351160779,1,120,0
202219,2022,19,0,0,1,0.260384438,1,120,0
202220,2022,20,0,0,1,0.256766918,0,120,0
202221,2022,21,0,0,1,0.245144429,0,120,0
202222,2022,22,0,0,1,0.229445397,0,120,0
202223,2022,23,0,0,1,0.245103487,0,120,0
202224,2022,24,0,0,1,0.237840538,0,120,0
202225,2022,25,0,0,1,0.225651645,0,120,0
202226,2022,26,0,0,1,0.249239026,0,120,0
202227,2022,27,0,0,1,0.271241692,0,120,0
202228,2022,28,0,0,1,0.150930207,0,120,0
202229,2022,29,0,0,1,0.239220969,0,120,0
202230,2022,30,0,0,1,0.226634441,0,120,0
202231,2022,31,0,0,1,0.231918152,0,120,0
202232,2022,32,0,0,1,0.238765085,0,120,0
202233,2022,33,0,0,1,0.248574327,0,120,0
202234,2022,34,0,0,1,0.246850619,0,120,0
202235,2022,35,0,0,1,0.249921099,0,120,0
202236,2022,36,0,0,1,0.228440949,0,120,0
202237,2022,37,0,0,1,0.226266943,0,120,0
202238,2022,38,0,0,1,0.227765453,0,120,0
202239,2022,39,0,0,1,0.231929409,0,120,0
202240,2022,40,0,0,1,0.466587063,0,120,0
202241,2022,41,0,0,1,0.350474543,0,120,0
202242,2022,42,0,0,1,0.235482376,0,120,0
202243,2022,43,0,0,1,0.235838982,0,120,0
202244,2022,44,0,0,1,0.237425534,0,120,0
202245,2022,45,0,0,1,0.238016519,0,120,0
202246,2022,46,0,0,1,0.240642976,1,120,0
202247,2022,47,0,0,1,0.238683932,1,120,0
202248,2022,48,0,0,1,0.232187238,1,120,0
202249,2022,49,0,0,1,0.236818442,1,120,0
202250,2022,50,0,0,1,0.232375741,1,120,0
202251,2022,51,0,0,1,0.228565624,1,120,0
202252,2022,52,0,0,1,0.231638398,1,120,0
