id,year,week,positive_rate,t1,t2,volume,seasonindicator,bsweight,intervolume,cpl
201101,2011,1,0.366045914,0,0,0.282710487,1,101,0.210166612,0
201102,2011,2,0.276574756,0,0,0.282710487,1,101,0.210166612,0
201103,2011,3,0.1893467,0,0,0.282710487,1,101,0.210166612,0
201104,2011,4,0.144130639,0,0,0.282710487,1,101,0.210166612,0
201105,2011,5,0.101315606,0,0,0.282710487,1,101,0.210166612,0
201106,2011,6,0.092821072,0,0,0.282710487,1,101,0.210166612,0
201107,2011,7,0.058425346,0,0,0.282710487,1,101,0.210166612,0
201108,2011,8,0.036796753,0,0,0.282710487,1,101,0.210166612,0
201109,2011,9,0.02817029,0,0,0.282710487,1,101,0.210166612,0
201110,2011,10,0.015126812,0,0,0.282710487,1,101,0.210166612,0
201111,2011,11,0.017300725,0,0,0.282710487,1,101,0.210166612,0
201112,2011,12,0.008605072,0,0,0.282710487,1,101,0.210166612,0
201113,2011,13,0.006431159,0,0,0.306853807,1,101,0.270178617,0
201114,2011,14,0.004257246,0,0,0.306853807,0,101,0.270178617,0
201115,2011,15,0.002083333,0,0,0.306853807,0,101,0.270178617,0
201116,2011,16,0.069677026,0,0,0.306853807,0,101,0.270178617,0
201117,2011,17,0.059820096,0,0,0.306853807,0,101,0.270178617,0
201118,2011,18,0.053011403,0,0,0.306853807,0,101,0.270178617,0
201119,2011,19,0.045056067,0,0,0.306853807,0,101,0.270178617,0
201120,2011,20,0.025442228,0,0,0.306853807,0,101,0.270178617,0
201121,2011,21,2.84E-02,0,0,0.306853807,0,101,0.270178617,0
201122,2011,22,0.022121422,0,0,0.306853807,0,101,0.270178617,0
201123,2011,23,1.91E-02,0,0,0.306853807,0,101,0.270178617,0
201124,2011,24,1.61E-02,0,0,0.306853807,0,101,0.270178617,0
201125,2011,25,1.04E-02,0,0,0.306853807,0,101,0.270178617,0
201126,2011,26,4.64E-03,0,0,0.314641974,0,101,0.300287514,0
201127,2011,27,6.82E-03,0,0,0.314641974,0,101,0.300287514,0
201128,2011,28,9.00E-03,0,0,0.314641974,0,101,0.300287514,0
201129,2011,29,6.54E-03,0,0,0.314641974,0,101,0.300287514,0
201130,2011,30,4.09E-03,0,0,0.314641974,0,101,0.300287514,0
201131,2011,31,6.00E-03,0,0,0.314641974,0,101,0.300287514,0
201132,2011,32,7.92E-03,0,0,0.314641974,0,101,0.300287514,0
201133,2011,33,7.12E-03,0,0,0.314641974,0,101,0.300287514,0
201134,2011,34,6.33E-03,0,0,0.314641974,0,101,0.300287514,0
201135,2011,35,1.12E-02,0,0,0.314641974,0,101,0.300287514,0
201136,2011,36,1.60E-02,0,0,0.314641974,0,101,0.300287514,0
201137,2011,37,1.13E-02,0,0,0.314641974,0,101,0.300287514,0
201138,2011,38,6.58E-03,0,0,0.314641974,0,101,0.300287514,0
201139,2011,39,9.70E-03,0,0,0.295950372,0,101,0.237491204,0
201140,2011,40,0,0,0,0.295950372,0,101,0.237491204,0
201141,2011,41,0,0,0,0.295950372,0,101,0.237491204,0
201142,2011,42,0,0,0,0.295950372,0,101,0.237491204,0
201143,2011,43,0,0,0,0.295950372,0,101,0.237491204,0
201144,2011,44,0,0,0,0.295950372,0,101,0.237491204,0
201145,2011,45,0,0,0,0.295950372,0,101,0.237491204,0
201146,2011,46,0,0,0,0.295950372,0,101,0.237491204,0
201147,2011,47,0,0,0,0.295950372,0,101,0.237491204,0
201148,2011,48,0.00625,0,0,0.295950372,0,101,0.237491204,0
201149,2011,49,0.023611111,0,0,0.295950372,0,101,0.237491204,0
201150,2011,50,0.045138889,0,0,0.295950372,1,101,0.237491204,0
201151,2011,51,0.109861111,0,0,0.295950372,1,101,0.237491204,0
201152,2011,52,0.109861111,0,0,0.295950372,1,101,0.237491204,0
201201,2012,1,0.0475,0,0,0.282710487,1,101,0.210166612,0
201202,2012,2,0.077361111,0,0,0.282710487,1,101,0.210166612,0
201203,2012,3,0.105416667,0,0,0.282710487,1,101,0.210166612,0
201204,2012,4,0.144166667,0,0,0.282710487,1,101,0.210166612,0
201205,2012,5,0.204166667,0,0,0.282710487,1,101,0.210166612,0
201206,2012,6,0.329021739,0,0,0.282710487,1,101,0.210166612,0
201207,2012,7,0.434849034,0,0,0.282710487,1,101,0.210166612,0
201208,2012,8,0.441280193,0,0,0.282710487,1,101,0.210166612,0
201209,2012,9,0.411092995,0,0,0.282710487,1,101,0.210166612,0
201210,2012,10,0.350766908,0,0,0.282710487,1,101,0.210166612,0
201211,2012,11,0.316413043,0,0,0.282710487,1,101,0.210166612,0
201212,2012,12,0.271280193,0,0,0.282710487,1,101,0.210166612,0
201213,2012,13,0.219704106,0,0,0.299160488,1,101,0.272639435,0
201214,2012,14,0.142336957,0,0,0.299160488,0,101,0.272639435,0
201215,2012,15,0.112282609,0,0,0.299160488,0,101,0.272639435,0
201216,2012,16,0.065173193,0,0,0.299160488,0,101,0.272639435,0
201217,2012,17,0.056409847,0,0,0.299160488,0,101,0.272639435,0
201218,2012,18,0.048955887,0,0,0.299160488,0,101,0.272639435,0
201219,2012,19,0.042516141,0,0,0.299160488,0,101,0.272639435,0
201220,2012,20,0.025826545,0,0,0.299160488,0,101,0.272639435,0
201221,2012,21,2.96E-02,0,0,0.299160488,0,101,0.272639435,0
201222,2012,22,0.025659232,0,0,0.299160488,0,101,0.272639435,0
201223,2012,23,2.12E-02,0,0,0.299160488,0,101,0.272639435,0
201224,2012,24,0.016733882,0,0,0.299160488,0,101,0.272639435,0
201225,2012,25,1.14E-02,0,0,0.299160488,0,101,0.272639435,0
201226,2012,26,6.04E-03,0,0,0.307959326,0,101,0.287697847,0
201227,2012,27,7.72E-03,0,0,0.307959326,0,101,0.287697847,0
201228,2012,28,9.40E-03,0,0,0.307959326,0,101,0.287697847,0
201229,2012,29,6.99E-03,0,0,0.307959326,0,101,0.287697847,0
201230,2012,30,4.57E-03,0,0,0.307959326,0,101,0.287697847,0
201231,2012,31,6.71E-03,0,0,0.307959326,0,101,0.287697847,0
201232,2012,32,8.86E-03,0,0,0.307959326,0,101,0.287697847,0
201233,2012,33,7.67E-03,0,0,0.307959326,0,101,0.287697847,0
201234,2012,34,6.49E-03,0,0,0.307959326,0,101,0.287697847,0
201235,2012,35,1.20E-02,0,0,0.307959326,0,101,0.287697847,0
201236,2012,36,0.017589515,0,0,0.307959326,0,101,0.287697847,0
201237,2012,37,1.32E-02,0,0,0.307959326,0,101,0.287697847,0
201238,2012,38,8.87E-03,0,0,0.307959326,0,101,0.287697847,0
201239,2012,39,1.15E-02,0,0,0.307959326,0,101,0.287697847,0
201240,2012,40,0.003201835,0,0,0.292274441,0,101,0.248417871,0
201241,2012,41,0.00640367,0,0,0.292274441,0,101,0.248417871,0
201242,2012,42,0.009605505,0,0,0.292274441,0,101,0.248417871,0
201243,2012,43,0.011206422,0,0,0.292274441,0,101,0.248417871,0
201244,2012,44,0.021879205,0,0,0.292274441,0,101,0.248417871,0
201245,2012,45,0.011740061,0,0,0.292274441,0,101,0.248417871,0
201246,2012,46,0.026148318,0,0,0.292274441,0,101,0.248417871,0
201247,2012,47,0.033619266,0,0,0.292274441,0,101,0.248417871,0
201248,2012,48,0.036287462,0,0,0.292274441,0,101,0.248417871,0
201249,2012,49,0.059767584,0,0,0.292274441,0,101,0.248417871,0
201250,2012,50,0.136611621,0,0,0.292274441,1,101,0.248417871,0
201251,2012,51,0.204383792,0,0,0.292274441,1,101,0.248417871,0
201252,2012,52,0.23693578,0,0,0.292274441,1,101,0.248417871,0
201301,2013,1,0.233200306,0,0,0.282710487,1,101,0.210166612,0
201302,2013,2,0.172899083,0,0,0.282710487,1,101,0.210166612,0
201303,2013,3,0.141414373,0,0,0.282710487,1,101,0.210166612,0
201304,2013,4,0.191576453,0,0,0.282710487,1,101,0.210166612,0
201305,2013,5,0.232133028,0,0,0.282710487,1,101,0.210166612,0
201306,2013,6,0.208652905,0,0,0.282710487,1,101,0.210166612,0
201307,2013,7,0.19958104,0,0,0.282710487,1,101,0.210166612,0
201308,2013,8,0.229998471,0,0,0.282710487,1,101,0.210166612,0
201309,2013,9,0.189441896,0,0,0.282710487,1,101,0.210166612,0
201310,2013,10,0.164894495,0,0,0.282710487,1,101,0.210166612,0
201311,2013,11,0.189441896,0,0,0.282710487,1,101,0.210166612,0
201312,2013,12,0.173432722,0,0,0.282710487,1,101,0.210166612,0
201313,2013,13,0.147818043,0,0,0.282710487,1,101,0.210166612,0
201314,2013,14,0.119535168,0,0,0.310396617,0,101,0.29222452,0
201315,2013,15,0.139813456,0,0,0.310396617,0,101,0.29222452,0
201316,2013,16,0.077911315,0,0,0.310396617,0,101,0.29222452,0
201317,2013,17,0.048561162,0,0,0.310396617,0,101,0.29222452,0
201318,2013,18,0.032551988,0,0,0.310396617,0,101,0.29222452,0
201319,2013,19,0.028816514,0,0,0.310396617,0,101,0.29222452,0
201320,2013,20,0.003201835,0,0,0.310396617,0,101,0.29222452,0
201321,2013,21,2.62E-02,0,0,0.310396617,0,101,0.29222452,0
201322,2013,22,0.022149859,0,0,0.310396617,0,101,0.29222452,0
201323,2013,23,1.88E-02,0,0,0.310396617,0,101,0.29222452,0
201324,2013,24,0.015413331,0,0,0.310396617,0,101,0.29222452,0
201325,2013,25,1.08E-02,0,0,0.310396617,0,101,0.29222452,0
201326,2013,26,6.24E-03,0,0,0.310396617,0,101,0.29222452,0
201327,2013,27,7.36E-03,0,0,0.316635745,0,101,0.316635745,0
201328,2013,28,8.48E-03,0,0,0.316635745,0,101,0.316635745,0
201329,2013,29,6.51E-03,0,0,0.316635745,0,101,0.316635745,0
201330,2013,30,4.55E-03,0,0,0.316635745,0,101,0.316635745,0
201331,2013,31,6.55E-03,0,0,0.316635745,0,101,0.316635745,0
201332,2013,32,8.55E-03,0,0,0.316635745,0,101,0.316635745,0
201333,2013,33,7.27E-03,0,0,0.316635745,0,101,0.316635745,0
201334,2013,34,5.99E-03,0,0,0.316635745,0,101,0.316635745,0
201335,2013,35,1.27E-02,0,0,0.316635745,0,101,0.316635745,0
201336,2013,36,0.019485515,0,0,0.316635745,0,101,0.316635745,0
201337,2013,37,1.40E-02,0,0,0.316635745,0,101,0.316635745,0
201338,2013,38,8.45E-03,0,0,0.316635745,0,101,0.316635745,0
201339,2013,39,1.07E-02,0,0,0.316635745,0,101,0.316635745,0
201340,2013,40,0,0,0,0.306497162,0,101,0.257401137,0
201341,2013,41,0.001587302,0,0,0.306497162,0,101,0.257401137,0
201342,2013,42,0.00525394,0,0,0.306497162,0,101,0.257401137,0
201343,2013,43,0.009817672,0,0,0.306497162,0,101,0.257401137,0
201344,2013,44,0.013888889,0,0,0.306497162,0,101,0.257401137,0
201345,2013,45,0.014005602,0,0,0.306497162,0,101,0.257401137,0
201346,2013,46,0.005649718,0,0,0.306497162,0,101,0.257401137,0
201347,2013,47,0.008168028,0,0,0.306497162,0,101,0.257401137,0
201348,2013,48,0.004436557,0,0,0.306497162,0,101,0.257401137,0
201349,2013,49,0.011009174,0,0,0.306497162,0,101,0.257401137,0
201350,2013,50,0.017167382,0,0,0.306497162,1,101,0.257401137,0
201351,2013,51,0.020123839,0,0,0.306497162,1,101,0.257401137,0
201352,2013,52,0.029776675,0,0,0.306497162,1,101,0.257401137,0
201401,2014,1,0.042334096,0,0,0.282710487,1,101,0.210166612,0
201402,2014,2,0.057546145,0,0,0.282710487,1,101,0.210166612,0
201403,2014,3,0.074525745,0,0,0.282710487,1,101,0.210166612,0
201404,2014,4,0.077131258,0,0,0.282710487,1,101,0.210166612,0
201405,2014,5,0.084507042,0,0,0.282710487,1,101,0.210166612,0
201406,2014,6,0.156962025,0,0,0.282710487,1,101,0.210166612,0
201407,2014,7,0.177282378,0,0,0.282710487,1,101,0.210166612,0
201408,2014,8,0.173913043,0,0,0.282710487,1,101,0.210166612,0
201409,2014,9,0.188861985,0,0,0.282710487,1,101,0.210166612,0
201410,2014,10,0.161399549,0,0,0.282710487,1,101,0.210166612,0
201411,2014,11,0.156626506,0,0,0.282710487,1,101,0.210166612,0
201412,2014,12,0.083627797,0,0,0.282710487,1,101,0.210166612,0
201413,2014,13,0.098468271,0,0,0.282710487,1,101,0.210166612,0
201414,2014,14,0.081871345,0,0,0.303116099,0,101,0.293376405,0
201415,2014,15,0.056320401,0,0,0.303116099,0,101,0.293376405,0
201416,2014,16,0.052301255,0,0,0.303116099,0,101,0.293376405,0
201417,2014,17,0.035175879,0,0,0.303116099,0,101,0.293376405,0
201418,2014,18,0.061976549,0,0,0.303116099,0,101,0.293376405,0
201419,2014,19,0.033482143,0,0,0.303116099,0,101,0.293376405,0
201420,2014,20,0.031719533,0,0,0.303116099,0,101,0.293376405,0
201421,2014,21,0.024270981,0,0,0.303116099,0,101,0.293376405,0
201422,2014,22,0.01682243,0,0,0.303116099,0,101,0.293376405,0
201423,2014,23,0.014756393,0,0,0.303116099,0,101,0.293376405,0
201424,2014,24,0.012690355,0,0,0.303116099,0,101,0.293376405,0
201425,2014,25,7.30E-03,0,0,0.303116099,0,101,0.293376405,0
201426,2014,26,0.001904762,0,0,0.303116099,0,101,0.293376405,0
201427,2014,27,3.32E-03,0,0,0.310165311,0,101,0.307335262,0
201428,2014,28,0.004739336,0,0,0.310165311,0,101,0.307335262,0
201429,2014,29,4.56E-03,0,0,0.310165311,0,101,0.307335262,0
201430,2014,30,0.004385965,0,0,0.310165311,0,101,0.307335262,0
201431,2014,31,6.43E-03,0,0,0.310165311,0,101,0.307335262,0
201432,2014,32,0.008474576,0,0,0.310165311,0,101,0.307335262,0
201433,2014,33,8.42E-03,0,0,0.310165311,0,101,0.307335262,0
201434,2014,34,0.008356546,0,0,0.310165311,0,101,0.307335262,0
201435,2014,35,0.012465566,0,0,0.310165311,0,101,0.307335262,0
201436,2014,36,0.016574586,0,0,0.310165311,0,101,0.307335262,0
201437,2014,37,9.97E-03,0,0,0.310165311,0,101,0.307335262,0
201438,2014,38,0.003355705,0,0,0.310165311,0,101,0.307335262,0
201439,2014,39,3.34E-03,0,0,0.310165311,0,101,0.307335262,0
201440,2014,40,0.003333333,0,0,0.299405988,0,299,0.243017038,0
201441,2014,41,0.002911208,0,0,0.299405988,0,299,0.243017038,0
201442,2014,42,0.015852048,0,0,0.299405988,0,299,0.243017038,0
201443,2014,43,0.016348774,0,0,0.299405988,0,299,0.243017038,0
201444,2014,44,0.014727541,0,0,0.299405988,0,299,0.243017038,0
201445,2014,45,0.00877193,0,0,0.299405988,0,299,0.243017038,0
201446,2014,46,0.012359551,0,0,0.299405988,0,299,0.243017038,0
201447,2014,47,0.053682896,0,0,0.299405988,0,299,0.243017038,0
201448,2014,48,0.040462428,0,0,0.299405988,0,299,0.243017038,0
201449,2014,49,0.080808081,0,0,0.299405988,0,299,0.243017038,0
201450,2014,50,0.153738644,0,0,0.299405988,1,299,0.243017038,0
201451,2014,51,0.222386953,0,0,0.299405988,1,299,0.243017038,0
201452,2014,52,0.303703704,0,0,0.299405988,1,299,0.243017038,0
201501,2015,1,0.316635745,0,0,0.282710487,1,299,0.210166612,0
201502,2015,2,0.249706228,0,0,0.282710487,1,299,0.210166612,0
201503,2015,3,0.194001276,0,0,0.282710487,1,299,0.210166612,0
201504,2015,4,0.168019481,0,0,0.282710487,1,299,0.210166612,0
201505,2015,5,0.182421227,0,0,0.282710487,1,299,0.210166612,0
201506,2015,6,0.11758794,0,0,0.282710487,1,299,0.210166612,0
201507,2015,7,0.150997151,0,0,0.282710487,1,299,0.210166612,0
201508,2015,8,0.131987578,0,0,0.282710487,1,299,0.210166612,0
201509,2015,9,0.130975143,0,0,0.282710487,1,299,0.210166612,0
201510,2015,10,0.104861773,0,0,0.282710487,1,299,0.210166612,0
201511,2015,11,0.121898598,0,0,0.282710487,1,299,0.210166612,0
201512,2015,12,0.103291714,0,0,0.282710487,1,299,0.210166612,0
201513,2015,13,0.104545455,0,0,0.282710487,1,299,0.210166612,0
201514,2015,14,0.090673575,0,0,0.305327326,0,299,0.278573967,0
201515,2015,15,0.081148564,0,0,0.305327326,0,299,0.278573967,0
201516,2015,16,0.05408971,0,0,0.305327326,0,299,0.278573967,0
201517,2015,17,0.065632458,0,0,0.305327326,0,299,0.278573967,0
201518,2015,18,0.039671683,0,0,0.305327326,0,299,0.278573967,0
201519,2015,19,0.05775076,0,0,0.305327326,0,299,0.278573967,0
201520,2015,20,0.035182679,0,0,0.305327326,0,299,0.278573967,0
201521,2015,21,0.030889212,0,0,0.305327326,0,299,0.278573967,0
201522,2015,22,0.026595745,0,0,0.305327326,0,299,0.278573967,0
201523,2015,23,0.023470016,0,0,0.305327326,0,299,0.278573967,0
201524,2015,24,0.020344288,0,0,0.305327326,0,299,0.278573967,0
201525,2015,25,0.014683422,0,0,0.305327326,0,299,0.278573967,0
201526,2015,26,0.009022556,0,0,0.305327326,0,299,0.278573967,0
201527,2015,27,8.59E-03,0,0,0.311163929,0,299,0.293142055,0
201528,2015,28,0.008156607,0,0,0.311163929,0,299,0.293142055,0
201529,2015,29,6.95E-03,0,0,0.311163929,0,299,0.293142055,0
201530,2015,30,0.005747126,0,0,0.311163929,0,299,0.293142055,0
201531,2015,31,9.72E-03,0,0,0.311163929,0,299,0.293142055,0
201532,2015,32,0.01369863,0,0,0.311163929,0,299,0.293142055,0
201533,2015,33,9.16E-03,0,0,0.311163929,0,299,0.293142055,0
201534,2015,34,0.00462963,0,0,0.311163929,0,299,0.293142055,0
201535,2015,35,7.75E-03,0,0,0.311163929,0,299,0.293142055,0
201536,2015,36,0.010869565,0,0,0.311163929,0,299,0.293142055,0
201537,2015,37,6.22E-03,0,0,0.311163929,0,299,0.293142055,0
201538,2015,38,0.0015625,0,0,0.311163929,0,299,0.293142055,0
201539,2015,39,0.014722948,0,0,0.311163929,0,299,0.293142055,0
201540,2015,40,0.027883397,0,0,0.302773812,0,299,0.244146655,0
201541,2015,41,0.032142857,0,0,0.302773812,0,299,0.244146655,0
201542,2015,42,0.012360939,0,0,0.302773812,0,299,0.244146655,0
201543,2015,43,0.00623053,0,0,0.302773812,0,299,0.244146655,0
201544,2015,44,0.020802377,0,0,0.302773812,0,299,0.244146655,0
201545,2015,45,0.013468013,0,0,0.302773812,0,299,0.244146655,0
201546,2015,46,0.009375,0,0,0.302773812,0,299,0.244146655,0
201547,2015,47,0.020477816,0,0,0.302773812,0,299,0.244146655,0
201548,2015,48,0.017503805,0,0,0.302773812,0,299,0.244146655,0
201549,2015,49,0.035217794,0,0,0.302773812,0,299,0.244146655,0
201550,2015,50,0.036193029,0,0,0.302773812,1,299,0.244146655,0
201551,2015,51,0.054489164,0,0,0.302773812,1,299,0.244146655,0
201552,2015,52,0.083253589,0,0,0.302773812,1,299,0.244146655,0
201553,2015,53,0.110623354,0,0,0.302773812,1,299,0.244146655,0
201601,2016,1,0.100545124,0,0,0.282710487,1,299,0.210166612,0
201602,2016,2,0.113207547,0,0,0.282710487,1,299,0.210166612,0
201603,2016,3,0.139119336,0,0,0.282710487,1,299,0.210166612,0
201604,2016,4,0.189418681,0,0,0.282710487,1,299,0.210166612,0
201605,2016,5,0.197953964,0,0,0.282710487,1,299,0.210166612,0
201606,2016,6,0.195977308,0,0,0.282710487,1,299,0.210166612,0
201607,2016,7,0.226077224,0,0,0.282710487,1,299,0.210166612,0
201608,2016,8,0.231552163,0,0,0.282710487,1,299,0.210166612,0
201609,2016,9,0.245512144,0,0,0.282710487,1,299,0.210166612,0
201610,2016,10,0.265904573,0,0,0.282710487,1,299,0.210166612,0
201611,2016,11,0.256741573,0,0,0.282710487,1,299,0.210166612,0
201612,2016,12,0.25,0,0,0.282710487,1,299,0.210166612,0
201613,2016,13,0.22967033,0,0,0.301277594,1,299,0.259863012,0
201614,2016,14,0.176724138,0,0,0.301277594,0,299,0.259863012,0
201615,2016,15,0.135714286,0,0,0.301277594,0,299,0.259863012,0
201616,2016,16,0.098909657,0,0,0.301277594,0,299,0.259863012,0
201617,2016,17,0.093321134,0,0,0.301277594,0,299,0.259863012,0
201618,2016,18,0.08190091,0,0,0.301277594,0,299,0.259863012,0
201619,2016,19,0.062714777,0,0,0.301277594,0,299,0.259863012,0
201620,2016,20,0.031280547,0,0,0.301277594,0,299,0.259863012,0
201621,2016,21,0.030982906,0,0,0.301277594,0,299,0.259863012,0
201622,2016,22,0.019379845,0,0,0.301277594,0,299,0.259863012,0
201623,2016,23,0.017392105,0,0,0.301277594,0,299,0.259863012,0
201624,2016,24,0.015404365,0,0,0.301277594,0,299,0.259863012,0
201625,2016,25,7.70E-03,0,0,0.301277594,0,299,0.259863012,0
201626,2016,26,0,0,0,0.306532436,0,299,0.279186041,0
201627,2016,27,7.11E-03,0,0,0.306532436,0,299,0.279186041,0
201628,2016,28,0.014211886,0,0,0.306532436,0,299,0.279186041,0
201629,2016,29,7.71E-03,0,0,0.306532436,0,299,0.279186041,0
201630,2016,30,0.00120048,0,0,0.306532436,0,299,0.279186041,0
201631,2016,31,6.00E-04,0,0,0.306532436,0,299,0.279186041,0
201632,2016,32,0,0,0,0.306532436,0,299,0.279186041,0
201633,2016,33,3.08E-03,0,0,0.306532436,0,299,0.279186041,0
201634,2016,34,0.006163328,0,0,0.306532436,0,299,0.279186041,0
201635,2016,35,0.010914562,0,0,0.306532436,0,299,0.279186041,0
201636,2016,36,0.015665796,0,0,0.306532436,0,299,0.279186041,0
201637,2016,37,0.01315913,0,0,0.306532436,0,299,0.279186041,0
201638,2016,38,0.010652463,0,0,0.306532436,0,299,0.279186041,0
201639,2016,39,8.20E-03,0,0,0.294271139,0,299,0.253758517,0
201640,2016,40,0.005755396,0,0,0.294271139,0,299,0.253758517,0
201641,2016,41,0.006772009,0,0,0.294271139,0,299,0.253758517,0
201642,2016,42,0.007220217,0,0,0.294271139,0,299,0.253758517,0
201643,2016,43,0.009451796,0,0,0.294271139,0,299,0.253758517,0
201644,2016,44,0.006382979,0,0,0.294271139,0,299,0.253758517,0
201645,2016,45,0.029787234,0,0,0.294271139,0,299,0.253758517,0
201646,2016,46,0.016168149,0,0,0.294271139,0,299,0.253758517,0
201647,2016,47,0.026407227,0,0,0.294271139,0,299,0.253758517,0
201648,2016,48,0.047489824,0,0,0.294271139,0,299,0.253758517,0
201649,2016,49,0.093514329,0,0,0.294271139,0,299,0.253758517,0
201650,2016,50,0.106589147,0,0,0.294271139,1,299,0.253758517,0
201651,2016,51,0.187935035,0,0,0.294271139,1,299,0.253758517,0
201652,2016,52,0.254246886,0,0,0.294271139,1,299,0.253758517,0
201701,2017,1,0.273737842,0,0,0.282710487,1,299,0.210166612,0
201702,2017,2,0.265306122,0,0,0.282710487,1,299,0.210166612,0
201703,2017,3,0.244984161,0,0,0.282710487,1,299,0.210166612,0
201704,2017,4,0.2555,0,0,0.282710487,1,299,0.210166612,0
201705,2017,5,0.230656934,0,0,0.282710487,1,299,0.210166612,0
201706,2017,6,0.201052016,0,0,0.282710487,1,299,0.210166612,0
201707,2017,7,0.208178439,0,0,0.282710487,1,299,0.210166612,0
201708,2017,8,0.164179104,0,0,0.282710487,1,299,0.210166612,0
201709,2017,9,0.101858736,0,0,0.282710487,1,299,0.210166612,0
201710,2017,10,0.072831424,0,0,0.282710487,1,299,0.210166612,0
201711,2017,11,0.050756901,0,0,0.282710487,1,299,0.210166612,0
201712,2017,12,0.03003337,0,0,0.282710487,1,299,0.210166612,0
201713,2017,13,0.031201248,0,0,0.304457447,1,299,0.261606502,0
201714,2017,14,0.034686347,0,0,0.304457447,0,299,0.261606502,0
201715,2017,15,0.016042781,0,0,0.304457447,0,299,0.261606502,0
201716,2017,16,0.042654028,0,0,0.304457447,0,299,0.261606502,0
201717,2017,17,0.039358601,0,0,0.304457447,0,299,0.261606502,0
201718,2017,18,0.028678304,0,0,0.304457447,0,299,0.261606502,0
201719,2017,19,0.029816514,0,0,0.304457447,0,299,0.261606502,0
201720,2017,20,0.027748132,0,0,0.304457447,0,299,0.261606502,0
201721,2017,21,0.035548207,0,0,0.304457447,0,299,0.261606502,0
201722,2017,22,0.043348281,0,0,0.304457447,0,299,0.261606502,0
201723,2017,23,0.031582677,0,0,0.304457447,0,299,0.261606502,0
201724,2017,24,0.019817073,0,0,0.304457447,0,299,0.261606502,0
201725,2017,25,0.016435952,0,0,0.304457447,0,299,0.261606502,0
201726,2017,26,0.01305483,0,0,0.306528586,0,299,0.282683167,0
201727,2017,27,0.012230837,0,0,0.306528586,0,299,0.282683167,0
201728,2017,28,0.011406844,0,0,0.306528586,0,299,0.282683167,0
201729,2017,29,9.20E-03,0,0,0.306528586,0,299,0.282683167,0
201730,2017,30,0.00698324,0,0,0.306528586,0,299,0.282683167,0
201731,2017,31,0.010271281,0,0,0.306528586,0,299,0.282683167,0
201732,2017,32,0.013559322,0,0,0.306528586,0,299,0.282683167,0
201733,2017,33,0.010435968,0,0,0.306528586,0,299,0.282683167,0
201734,2017,34,0.007312614,0,0,0.306528586,0,299,0.282683167,0
201735,2017,35,0.016332363,0,0,0.306528586,0,299,0.282683167,0
201736,2017,36,0.025352113,0,0,0.306528586,0,299,0.282683167,0
201737,2017,37,0.022838658,0,0,0.306528586,0,299,0.282683167,0
201738,2017,38,0.020325203,0,0,0.306528586,0,299,0.282683167,0
201739,2017,39,0.020662602,0,0,0.29789884,0,299,0.221467219,0
201740,2017,40,0.021,0,0,0.29789884,0,299,0.221467219,0
201741,2017,41,0.019,0,0,0.29789884,0,299,0.221467219,0
201742,2017,42,0.022,0,0,0.29789884,0,299,0.221467219,0
201743,2017,43,0.016,0,0,0.29789884,0,299,0.221467219,0
201744,2017,44,0.012,0,0,0.29789884,0,299,0.221467219,0
201745,2017,45,0.014,0,0,0.29789884,0,299,0.221467219,0
201746,2017,46,0.021,0,0,0.29789884,0,299,0.221467219,0
201747,2017,47,0.041,0,0,0.29789884,0,299,0.221467219,0
201748,2017,48,0.035,0,0,0.29789884,0,299,0.221467219,0
201749,2017,49,0.086,0,0,0.29789884,0,299,0.221467219,0
201750,2017,50,0.112,0,0,0.29789884,1,299,0.221467219,0
201751,2017,51,0.223,0,0,0.29789884,1,299,0.221467219,0
201752,2017,52,0.291,0,0,0.29789884,1,299,0.221467219,0
201801,2018,1,0.284,0,0,0.282710487,1,299,0.210166612,0
201802,2018,2,0.283,0,0,0.282710487,1,299,0.210166612,0
201803,2018,3,0.269,0,0,0.282710487,1,299,0.210166612,0
201804,2018,4,0.276,0,0,0.282710487,1,299,0.210166612,0
201805,2018,5,0.26,0,0,0.282710487,1,299,0.210166612,0
201806,2018,6,0.253,0,0,0.282710487,1,299,0.210166612,0
201807,2018,7,0.293,0,0,0.282710487,1,299,0.210166612,0
201808,2018,8,0.291,0,0,0.282710487,1,299,0.210166612,0
201809,2018,9,0.265,0,0,0.282710487,1,299,0.210166612,0
201810,2018,10,0.253,0,0,0.282710487,1,299,0.210166612,0
201811,2018,11,0.216,0,0,0.282710487,1,299,0.210166612,0
201812,2018,12,0.175,0,0,0.282710487,1,299,0.210166612,0
201813,2018,13,0.191,0,0,0.309980485,1,299,0.258713479,0
201814,2018,14,0.166,0,0,0.309980485,0,299,0.258713479,0
201815,2018,15,0.105,0,0,0.309980485,0,299,0.258713479,0
201816,2018,16,0.057,0,0,0.309980485,0,299,0.258713479,0
201817,2018,17,0.032,0,0,0.309980485,0,299,0.258713479,0
201818,2018,18,0.024,0,0,0.309980485,0,299,0.258713479,0
201819,2018,19,0.015,0,0,0.309980485,0,299,0.258713479,0
201820,2018,20,0.014,0,0,0.309980485,0,299,0.258713479,0
201821,2018,21,9.30E-03,0,0,0.309980485,0,299,0.258713479,0
201822,2018,22,0.004602992,0,0,0.309980485,0,299,0.258713479,0
201823,2018,23,6.71E-03,0,0,0.309980485,0,299,0.258713479,0
201824,2018,24,0.008810573,0,0,0.309980485,0,299,0.258713479,0
201825,2018,25,8.01E-03,0,0,0.309980485,0,299,0.258713479,0
201826,2018,26,0.007211538,0,0,0.310670865,0,299,0.283683204,0
201827,2018,27,5.55E-03,0,0,0.310670865,0,299,0.283683204,0
201828,2018,28,0.003880983,0,0,0.310670865,0,299,0.283683204,0
201829,2018,29,4.16E-03,0,0,0.310670865,0,299,0.283683204,0
201830,2018,30,0.004431315,0,0,0.310670865,0,299,0.283683204,0
201831,2018,31,5.72E-03,0,0,0.310670865,0,299,0.283683204,0
201832,2018,32,0.007017544,0,0,0.310670865,0,299,0.283683204,0
201833,2018,33,5.25E-03,0,0,0.310670865,0,299,0.283683204,0
201834,2018,34,0.003484321,0,0,0.310670865,0,299,0.283683204,0
201835,2018,35,0.016224919,0,0,0.310670865,0,299,0.283683204,0
201836,2018,36,0.028965517,0,0,0.310670865,0,299,0.283683204,0
201837,2018,37,0.017664095,0,0,0.310670865,0,299,0.283683204,0
201838,2018,38,0.006362672,0,0,0.310670865,0,299,0.283683204,0
201839,2018,39,6.53E-03,0,0,0.310670865,0,299,0.283683204,0
201840,2018,40,0.0067,0,0,0.303076688,0,299,0.238019133,0
201841,2018,41,0.008,0,0,0.303076688,0,299,0.238019133,0
201842,2018,42,0.0054,0,0,0.303076688,0,299,0.238019133,0
201843,2018,43,0.0088,0,0,0.303076688,0,299,0.238019133,0
201844,2018,44,0.0174,0,0,0.303076688,0,299,0.238019133,0
201845,2018,45,0.0249,0,0,0.303076688,0,299,0.238019133,0
201846,2018,46,0.0249,0,0,0.303076688,0,299,0.238019133,0
201847,2018,47,0.0328,0,0,0.303076688,0,299,0.238019133,0
201848,2018,48,0.037,0,0,0.303076688,0,299,0.238019133,0
201849,2018,49,0.0546,0,0,0.303076688,0,299,0.238019133,0
201850,2018,50,0.0668,0,0,0.303076688,1,299,0.238019133,0
201851,2018,51,0.1242,0,0,0.303076688,1,299,0.238019133,0
201852,2018,52,0.1739,0,0,0.303076688,1,299,0.238019133,0
201901,2019,1,0.1637,0,0,0.282710487,1,299,0.210166612,0
201902,2019,2,0.2135,0,0,0.282710487,1,299,0.210166612,0
201903,2019,3,0.213,0,0,0.282710487,1,299,0.210166612,0
201904,2019,4,0.2375,0,0,0.282710487,1,299,0.210166612,0
201905,2019,5,0.257,0,0,0.282710487,1,299,0.210166612,0
201906,2019,6,0.2858,0,0,0.282710487,1,299,0.210166612,0
201907,2019,7,0.278,0,0,0.282710487,1,299,0.210166612,0
201908,2019,8,0.222,0,0,0.282710487,1,299,0.210166612,0
201909,2019,9,0.16,0,0,0.282710487,1,299,0.210166612,0
201910,2019,10,0.117,0,0,0.282710487,1,299,0.210166612,0
201911,2019,11,0.123,0,0,0.282710487,1,299,0.210166612,0
201912,2019,12,0.107,0,0,0.282710487,1,299,0.210166612,0
201913,2019,13,0.094,0,0,0.282710487,1,299,0.210166612,0
201914,2019,14,0.073,0,0,0.304765915,0,299,0.261430209,0
201915,2019,15,0.072,0,0,0.304765915,0,299,0.261430209,0
201916,2019,16,0.064,0,0,0.304765915,0,299,0.261430209,0
201917,2019,17,0.055,0,0,0.304765915,0,299,0.261430209,0
201918,2019,18,0.038,0,0,0.304765915,0,299,0.261430209,0
201919,2019,19,0.035,0,0,0.304765915,0,299,0.261430209,0
201920,2019,20,0.026,0,0,0.304765915,0,299,0.261430209,0
201921,2019,21,0.018988024,0,0,0.304765915,0,299,0.261430209,0
201922,2019,22,0.011976048,0,0,0.304765915,0,299,0.261430209,0
201923,2019,23,0.014197563,0,0,0.304765915,0,299,0.261430209,0
201924,2019,24,0.016419077,0,0,0.304765915,0,299,0.261430209,0
201925,2019,25,0.013344926,0,0,0.304765915,0,299,0.261430209,0
201926,2019,26,0.010270775,0,0,0.304765915,0,299,0.261430209,0
201927,2019,27,0.011875,0,0,0.30844182,0,299,0.299263151,0
201928,2019,28,0.01010101,0,0,0.30844182,0,299,0.299263151,0
201929,2019,29,0.011568123,0,0,0.30844182,0,299,0.299263151,0
201930,2019,30,0.010301692,0,0,0.30844182,0,299,0.299263151,0
201931,2019,31,0.008339651,0,0,0.30844182,0,299,0.299263151,0
201932,2019,32,0.011049724,0,0,0.30844182,0,299,0.299263151,0
201933,2019,33,0.01937046,0,0,0.30844182,0,299,0.299263151,0
201934,2019,34,0.027318476,0,0,0.30844182,0,299,0.299263151,0
201935,2019,35,0.021978022,0,0,0.30844182,0,299,0.299263151,0
201936,2019,36,0.017037037,0,0,0.30844182,0,299,0.299263151,0
201937,2019,37,0.012911556,0,0,0.30844182,0,299,0.299263151,0
201938,2019,38,0.012387387,0,0,0.30844182,0,299,0.299263151,0
201939,2019,39,0.019659936,0,0,0.30844182,0,299,0.299263151,0
201940,2019,40,0.012036108,0,0,0.295409067,0,299,0.259736522,0
201941,2019,41,0.025618375,0,0,0.295409067,0,299,0.259736522,0
201942,2019,42,0.02502157,0,0,0.295409067,0,299,0.259736522,0
201943,2019,43,0.028857253,0,0,0.295409067,0,299,0.259736522,0
201944,2019,44,0.037310532,0,0,0.295409067,0,299,0.259736522,0
201945,2019,45,0.034303949,0,0,0.295409067,0,299,0.259736522,0
201946,2019,46,0.070254111,0,0,0.295409067,0,299,0.259736522,0
201947,2019,47,0.146283784,0,0,0.295409067,0,299,0.259736522,0
201948,2019,48,0.165976331,0,0,0.295409067,0,299,0.259736522,0
201949,2019,49,0.203215604,0,0,0.295409067,0,299,0.259736522,0
201950,2019,50,0.211208893,0,0,0.295409067,1,299,0.259736522,0
201951,2019,51,0.217694994,0,0,0.295409067,1,299,0.259736522,0
201952,2019,52,0.246837305,0,0,0.295409067,1,299,0.259736522,0
202001,2020,1,0.183081424,0,0,0.265208688,1,299,0.161023454,0
202002,2020,2,0.120856556,0,0,0.265208688,1,299,0.161023454,0
202003,2020,3,0.090025207,0,0,0.265208688,1,299,0.161023454,0
202004,2020,4,0.065945215,0,0,0.265208688,1,299,0.161023454,0
202005,2020,5,0.063291139,0,0,0.265208688,1,299,0.161023454,0
202006,2020,6,0.050048749,0,0,0.265208688,1,299,0.161023454,0
202007,2020,7,0.056563501,0,0,0.265208688,1,299,0.161023454,0
202008,2020,8,0.051380861,0,0,0.265208688,1,299,0.161023454,0
202009,2020,9,0.041160162,0,0,0.265208688,1,299,0.161023454,0
202010,2020,10,0.042249936,0,0,0.265208688,1,299,0.161023454,0
202011,2020,11,0.026261489,0,0,0.265208688,1,299,0.161023454,0
202012,2020,12,0.017272186,0,0,0.265208688,1,299,0.161023454,0
202013,2020,13,0.010348071,0,0,0.265208688,1,299,0.161023454,0
202014,2020,14,0.015352197,0,0,0.159914916,0,299,0.009167969,0
202015,2020,15,0.01826678,0,0,0.159914916,0,299,0.009167969,1
202016,2020,16,0.026645768,0,0,0.159914916,0,299,0.009167969,1
202017,2020,17,0.02812687,0,0,0.159914916,0,299,0.009167969,1
202018,2020,18,0.069291339,0,0,0.159914916,0,299,0.009167969,1
202019,2020,19,0.086146682,0,0,0.159914916,0,299,0.009167969,1
202020,2020,20,0.104046243,0,0,0.159914916,0,299,0.009167969,1
202021,2020,21,0.045602606,0,0,0.159914916,0,299,0.009167969,1
202022,2020,22,0.013559322,0,0,0.159914916,0,299,0.009167969,1
202023,2020,23,0.001062699,0,0,0.159914916,0,299,0.009167969,1
202024,2020,24,0.001168292,0,0,0.159914916,0,299,0.009167969,1
202025,2020,25,0.001273885,0,0,0.159914916,0,299,0.009167969,1
202026,2020,26,0.001281273,0,0,0.159914916,0,299,0.009167969,1
202027,2020,27,0.001281273,0,0,0.264550602,0,299,0.053462909,1
202028,2020,28,0.001281273,0,0,0.264550602,0,299,0.053462909,1
202029,2020,29,0.001281273,0,0,0.264550602,0,299,0.053462909,1
202030,2020,30,0.00128866,0,1,0.264550602,0,299,0.053462909,1
202031,2020,31,0.001813921,0,1,0.264550602,0,299,0.053462909,1
202032,2020,32,0.001813921,0,1,0.264550602,0,299,0.053462909,1
202033,2020,33,0.001813921,0,1,0.264550602,0,299,0.053462909,1
202034,2020,34,0.001813921,0,1,0.264550602,0,299,0.053462909,1
202035,2020,35,0.001813921,0,1,0.264550602,0,299,0.053462909,1
202036,2020,36,0.001813921,0,1,0.264550602,0,299,0.053462909,1
202037,2020,37,0.001813921,0,1,0.264550602,0,299,0.053462909,1
202038,2020,38,0.002339181,0,1,0.264550602,0,299,0.053462909,1
202039,2020,39,0.000790514,0,1,0.264550602,0,299,0.053462909,1
202040,2020,40,0.001201059,0,1,0.233291513,0,299,0.031905652,1
202041,2020,41,0.001611604,0,1,0.233291513,0,299,0.031905652,1
202042,2020,42,0.00093985,0,1,0.233291513,0,299,0.031905652,1
202043,2020,43,0.000867382,0,1,0.233291513,0,299,0.031905652,1
202044,2020,44,0.000867382,0,1,0.233291513,0,299,0.031905652,1
202045,2020,45,0.000867382,0,1,0.233291513,0,299,0.031905652,1
202046,2020,46,0.000794913,0,1,0.233291513,0,299,0.031905652,1
202047,2020,47,0.00233463,0,1,0.233291513,0,299,0.031905652,1
202048,2020,48,0.002053388,0,1,0.233291513,0,299,0.031905652,1
202049,2020,49,0.001631655,0,1,0.233291513,0,299,0.031905652,1
202050,2020,50,0.001209921,0,1,0.233291513,1,299,0.031905652,0.95255
202051,2020,51,0.00080871,0,1,0.233291513,1,299,0.031905652,0.6984
202052,2020,52,0.000407498,0,1,0.233291513,1,299,0.031905652,0.6
202053,2020,53,0.000292528,0,1,0.233291513,1,299,0.031905652,0.6
202101,2021,1,0.000292528,0,1,0.185119537,1,299,0.004333809,0.6
202102,2021,2,0.000292528,0,1,0.185119537,1,299,0.004333809,0.6
202103,2021,3,0.000292528,0,1,0.185119537,1,299,0.004333809,0.6
202104,2021,4,0.000292528,0,1,0.185119537,1,299,0.004333809,0.6
202105,2021,5,0.000292528,0,1,0.185119537,1,299,0.004333809,0.6
202106,2021,6,0.000292528,0,1,0.185119537,1,299,0.004333809,0.6
202107,2021,7,0.000177557,0,1,0.185119537,1,299,0.004333809,0.6
202108,2021,8,0.000222254,0,1,0.185119537,1,299,0.004333809,0.6
202109,2021,9,0.000222254,0,1,0.185119537,1,299,0.004333809,0.6
202110,2021,10,0.000222254,0,1,0.185119537,1,299,0.004333809,0.6
202111,2021,11,0.000266951,0,1,0.185119537,1,299,0.004333809,0.6
202112,2021,12,0.000236798,0,1,0.185119537,1,299,0.004333809,0.6
202113,2021,13,0.000257798,0,1,0.157012382,1,299,0.008868959,0.6
202114,2021,14,0.000901307,0,1,0.157012382,0,299,0.008868959,0.6
202115,2021,15,0.000857489,0,1,0.157012382,0,299,0.008868959,0.6
202116,2021,16,0.000857489,0,1,0.157012382,0,299,0.008868959,0.6
202117,2021,17,0.000857489,0,1,0.157012382,0,299,0.008868959,0.6
202118,2021,18,0.000857489,0,1,0.157012382,0,299,0.008868959,0.6
202119,2021,19,0.000857489,0,1,0.157012382,0,299,0.008868959,0.6
202120,2021,20,0.000857489,0,1,0.157012382,0,299,0.008868959,0.6
202121,2021,21,0.00081367,0,1,0.157012382,0,299,0.008868959,0.6
202122,2021,22,0.000565919,0,1,0.157012382,0,299,0.008868959,0.6
202123,2021,23,0.000565919,0,1,0.157012382,0,299,0.008868959,0.6
202124,2021,24,0.000565919,0,1,0.157012382,0,299,0.008868959,0.6
202125,2021,25,0.000318167,0,1,0.157012382,0,299,0.008868959,0.6
202126,2021,26,0.000318167,0,1,0.25974888,0,299,0.051719237,0.6
202127,2021,27,0.000318167,0,1,0.25974888,0,299,0.051719237,0.6
202128,2021,28,0.000318167,0,1,0.25974888,0,299,0.051719237,0.6
202129,2021,29,0,0,1,0.25974888,0,299,0.051719237,0.6
202130,2021,30,0,0,1,0.25974888,0,299,0.051719237,0.6
202131,2021,31,0,0,1,0.25974888,0,299,0.051719237,0.6
202132,2021,32,0,0,1,0.25974888,0,299,0.051719237,0.6
202133,2021,33,0,0,1,0.25974888,0,299,0.051719237,0.6
202134,2021,34,0,0,1,0.25974888,0,299,0.051719237,0.6
202135,2021,35,0,0,1,0.25974888,0,299,0.051719237,0.6
202136,2021,36,0,0,1,0.25974888,0,299,0.051719237,0.6
202137,2021,37,0,0,1,0.25974888,0,299,0.051719237,0.6
202138,2021,38,0,0,1,0.25974888,0,299,0.051719237,0.6
202139,2021,39,0,0,1,0.229057159,0,299,0.030865062,0.6
202140,2021,40,0,0,1,0.229057159,0,299,0.030865062,0
202141,2021,41,0,0,1,0.229057159,0,299,0.030865062,0
202142,2021,42,0,0,1,0.229057159,0,299,0.030865062,0
202143,2021,43,0,0,1,0.229057159,0,299,0.030865062,0
202144,2021,44,0,0,1,0.229057159,0,299,0.030865062,0
202145,2021,45,0,0,1,0.229057159,0,299,0.030865062,0
202146,2021,46,0,0,1,0.229057159,0,299,0.030865062,0
202147,2021,47,0,0,1,0.229057159,0,299,0.030865062,0
202148,2021,48,0,0,1,0.229057159,0,299,0.030865062,0
202149,2021,49,0,0,1,0.229057159,0,299,0.030865062,0
202150,2021,50,0,0,1,0.229057159,1,299,0.030865062,0
202151,2021,51,0,0,1,0.229057159,1,299,0.030865062,0
202152,2021,52,0,0,1,0.229057159,1,299,0.030865062,0
202201,2022,1,0,0,1,0.181819426,1,299,0.004196928,0
202202,2022,2,0,0,1,0.181819426,1,299,0.004196928,0
202203,2022,3,0,0,1,0.181819426,1,299,0.004196928,0
202204,2022,4,0,0,1,0.181819426,1,299,0.004196928,0
202205,2022,5,0,0,1,0.181819426,1,299,0.004196928,0
202206,2022,6,0,0,1,0.181819426,1,299,0.004196928,0
202207,2022,7,0,0,1,0.181819426,1,299,0.004196928,0
202208,2022,8,0,0,1,0.181819426,1,299,0.004196928,0
202209,2022,9,0,0,1,0.181819426,1,299,0.004196928,0
202210,2022,10,0,0,1,0.181819426,1,299,0.004196928,0
202211,2022,11,0,0,1,0.181819426,1,299,0.004196928,0
202212,2022,12,0,0,1,0.181819426,1,299,0.004196928,0
202213,2022,13,0,0,1,0.154213336,1,299,0.008588837,0
202214,2022,14,0,0,1,0.154213336,0,,0.008588837,0
202215,2022,15,0,0,1,0.154213336,0,,0.008588837,0
202216,2022,16,0,0,1,0.154213336,0,,0.008588837,0
202217,2022,17,0,0,1,0.154213336,0,,0.008588837,0
202218,2022,18,0,0,1,0.154213336,0,,0.008588837,0
202219,2022,19,0,0,1,0.154213336,0,,0.008588837,0
202220,2022,20,0,0,1,0.154213336,0,,0.008588837,0
202221,2022,21,0,0,1,0.154213336,0,,0.008588837,0
202222,2022,22,0,0,1,0.154213336,0,,0.008588837,0
202223,2022,23,0,0,1,0.154213336,0,,0.008588837,0
202224,2022,24,0,0,1,0.154213336,0,,0.008588837,0
202225,2022,25,0,0,1,0.154213336,0,,0.008588837,0
202226,2022,26,0,0,1,0.255118358,0,,0.050085711,0
202227,2022,27,0,0,1,0.255118358,0,,0.050085711,0
202228,2022,28,0,0,1,0.255118358,0,,0.050085711,0
202229,2022,29,0,0,1,0.255118358,0,,0.050085711,0
202230,2022,30,0,0,1,0.255118358,0,,0.050085711,0
202231,2022,31,0,0,1,0.255118358,0,,0.050085711,0
202232,2022,32,0,0,1,0.255118358,0,,0.050085711,0
202233,2022,33,0,0,1,0.255118358,0,,0.050085711,0
202234,2022,34,0,0,1,0.255118358,0,,0.050085711,0
202235,2022,35,0,0,1,0.255118358,0,,0.050085711,0
202236,2022,36,0,0,1,0.255118358,0,,0.050085711,0
202237,2022,37,0,0,1,0.255118358,0,,0.050085711,0
202238,2022,38,0,0,1,0.255118358,0,,0.050085711,0
202239,2022,39,0,0,1,0.224973776,0,,0.029890204,0
202240,2022,40,0,0,1,0.224973776,0,,0.029890204,0
202241,2022,41,0,0,1,0.224973776,0,,0.029890204,0
202242,2022,42,0,0,1,0.224973776,0,,0.029890204,0
202243,2022,43,0,0,1,0.224973776,0,,0.029890204,0
202244,2022,44,0,0,1,0.224973776,0,,0.029890204,0
202245,2022,45,0,0,1,0.224973776,0,,0.029890204,0
202246,2022,46,0,0,1,0.224973776,0,,0.029890204,0
202247,2022,47,0,0,1,0.224973776,0,,0.029890204,0
202248,2022,48,0,0,1,0.224973776,0,,0.029890204,0
202249,2022,49,0,0,1,0.224973776,0,,0.029890204,0
202250,2022,50,0,0,1,0.224973776,1,,0.029890204,0
202251,2022,51,0,0,1,0.224973776,1,,0.029890204,0
202252,2022,52,0,0,1,0.224973776,1,,0.029890204,0
