id,year,week,positive_rate,t1,t2,volume,seasonindicator,bsweight,cpl
201114,2011,14,0.04837549,1,0,0.231188084,1,120,1
201115,2011,15,0.050078984,1,0,0.174232965,1,120,1
201116,2011,16,0.044545457,1,0,0.178227914,0,120,1
201117,2011,17,0.047335022,1,0,0.173819468,0,120,1
201118,2011,18,0.034287944,1,0,0.321686962,0,120,1
201119,2011,19,0.03785639,1,0,0.181970179,0,120,1
201120,2011,20,0.024893012,1,0,0.18249213,0,120,1
201121,2011,21,0.031773312,1,0,0.1809043,0,120,1
201122,2011,22,0.029167403,1,0,0.178807857,0,120,1
201123,2011,23,0.030513075,1,0,0.208173989,0,120,1
201124,2011,24,0.025639344,1,0,0.182080019,0,120,1
201125,2011,25,0.035933362,1,0,0.186362499,0,120,1
201126,2011,26,0.040404684,1,0,0.19292842,0,120,1
201127,2011,27,0.041977871,1,0,0.202681028,0,120,1
201128,2011,28,0.044806351,1,0,0.216548634,0,120,1
201129,2011,29,0.071411155,1,0,0.225608593,0,120,1
201130,2011,30,0.030380952,1,0,0.232404762,0,120,1
201131,2011,31,0.034414844,1,0,0.241976591,0,120,1
201132,2011,32,0.033924826,1,0,0.253736714,0,120,1
201133,2011,33,0.029637982,1,0,0.251252894,0,120,1
201134,2011,34,0.026734332,1,0,0.254359841,0,120,1
201135,2011,35,0.048790554,1,0,0.237056524,0,120,1
201136,2011,36,0.062437673,1,0,0.221447988,0,120,1
201137,2011,37,0.028046734,1,0,0.230414237,0,120,1
201138,2011,38,0.034030569,1,0,0.206339759,0,120,1
201139,2011,39,0.024622637,1,0,0.209650363,0,120,1
201140,2011,40,0.028695715,1,0,0.418797355,0,120,1
201141,2011,41,0.011214719,1,0,0.222689824,0,120,1
201142,2011,42,0.009163049,1,0,0.209824076,0,120,1
201143,2011,43,0.019595436,1,0,0.210268126,0,120,1
201144,2011,44,0.02553019,1,0,0.203373896,0,120,1
201145,2011,45,0.015694223,1,0,0.20112191,0,120,1
201146,2011,46,0.024857735,1,0,0.197385643,0,120,1
201147,2011,47,0.021620586,1,0,0.19012406,0,120,1
201148,2011,48,0.028579603,1,0,0.184398773,0,120,1
201149,2011,49,0.036193551,1,0,0.188538604,1,120,1
201150,2011,50,0.039992423,1,0,0.194166674,1,120,1
201151,2011,51,0.068004076,1,0,0.185011588,1,120,1
201152,2011,52,0.106179526,1,0,0.188544124,1,120,1
201201,2012,1,0.165314401,1,0,0.111866528,1,120,1
201202,2012,2,0.149592066,1,0,0.142173336,1,120,1
201203,2012,3,0.171294673,1,0,0.150508953,1,120,1
201204,2012,4,0.18353928,1,0,0.172930838,1,120,1
201205,2012,5,0.207552947,1,0,0.183603952,1,120,1
201206,2012,6,0.265042482,1,0,0.234489522,1,120,1
201207,2012,7,0.299160331,1,0,0.184678235,1,120,1
201208,2012,8,0.331894447,1,0,0.189796464,1,120,1
201209,2012,9,0.311073204,1,0,0.166777924,1,120,1
201210,2012,10,0.299124429,1,0,0.164460362,1,120,1
201211,2012,11,0.270409641,1,0,0.168109283,1,120,1
201212,2012,12,0.234709653,1,0,0.169419665,1,120,1
201213,2012,13,0.203064273,1,0,0.171988464,1,120,1
201214,2012,14,0.175331235,1,0,0.233499965,1,120,1
201215,2012,15,0.129696279,1,0,0.175975294,1,120,1
201216,2012,16,0.12382791,1,0,0.180010193,0,120,1
201217,2012,17,0.089449651,1,0,0.175557662,0,120,1
201218,2012,18,0.078050377,1,0,0.324903832,0,120,1
201219,2012,19,0.054691776,1,0,0.18378988,0,120,1
201220,2012,20,0.024965804,1,0,0.184317052,0,120,1
201221,2012,21,0.027704896,1,0,0.182713343,0,120,1
201222,2012,22,0.030143388,1,0,0.180595936,0,120,1
201223,2012,23,0.02695088,1,0,0.210255729,0,120,1
201224,2012,24,0.021950901,1,0,0.183900819,0,120,1
201225,2012,25,0.019469649,1,0,0.188226124,0,120,1
201226,2012,26,0.011650608,1,0,0.194857704,0,120,1
201227,2012,27,0.030154541,1,0,0.204707838,0,120,1
201228,2012,28,0.046961746,1,0,0.218714121,0,120,1
201229,2012,29,0.044615506,1,0,0.227864679,0,120,1
201230,2012,30,0.052427099,1,0,0.23472881,0,120,1
201231,2012,31,0.05523942,1,0,0.244396357,0,120,1
201232,2012,32,0.108336463,1,0,0.256274081,0,120,1
201233,2012,33,0.100435512,1,0,0.253765423,0,120,1
201234,2012,34,0.125837701,1,0,0.25690344,0,120,1
201235,2012,35,0.091904202,1,0,0.23942709,0,120,1
201236,2012,36,0.099653377,1,0,0.223662468,0,120,1
201237,2012,37,0.105919958,1,0,0.23271838,0,120,1
201238,2012,38,0.101042451,1,0,0.208403157,0,120,1
201239,2012,39,0.094861289,1,0,0.211746866,0,120,1
201240,2012,40,0.047867739,1,0,0.422985328,0,120,1
201241,2012,41,0.020728665,1,0,0.224916722,0,120,1
201242,2012,42,0.025875161,1,0,0.211922317,0,120,1
201243,2012,43,0.032529402,1,0,0.212370808,0,120,1
201244,2012,44,0.038165715,1,0,0.205407635,0,120,1
201245,2012,45,0.0321987,1,0,0.20313313,0,120,1
201246,2012,46,0.044218074,1,0,0.1993595,0,120,1
201247,2012,47,0.073523003,1,0,0.1920253,0,120,1
201248,2012,48,0.093808815,1,0,0.186242761,0,120,1
201249,2012,49,0.135751597,1,0,0.19042399,1,120,1
201250,2012,50,0.183380618,1,0,0.196108341,1,120,1
201251,2012,51,0.211870424,1,0,0.186861704,1,120,1
201252,2012,52,0.22467092,1,0,0.190429565,1,120,1
201301,2013,1,0.274938706,1,0,0.112985193,1,120,1
201302,2013,2,0.280266581,1,0,0.143595069,1,120,1
201303,2013,3,0.278749754,1,0,0.152014043,1,120,1
201304,2013,4,0.247778509,1,0,0.174660147,1,120,1
201305,2013,5,0.203018693,1,0,0.185439992,1,120,1
201306,2013,6,0.171004266,1,0,0.236834417,1,120,1
201307,2013,7,0.141898838,1,0,0.186525017,1,120,1
201308,2013,8,0.09790106,1,0,0.191694428,1,120,1
201309,2013,9,0.093762203,1,0,0.168445703,1,120,1
201310,2013,10,0.082304641,1,0,0.166104965,1,120,1
201311,2013,11,0.085494846,1,0,0.169790376,1,120,1
201312,2013,12,0.06696308,1,0,0.171113861,1,120,1
201313,2013,13,0.047794933,1,0,0.173708348,1,120,1
201314,2013,14,0.047261828,1,0,0.235834965,1,120,1
201315,2013,15,0.026749361,1,0,0.177735047,1,120,1
201316,2013,16,0.029691673,1,0,0.181810295,0,120,1
201317,2013,17,0.02762557,1,0,0.177313239,0,120,1
201318,2013,18,0.01899182,1,0,0.32815287,0,120,1
201319,2013,19,0.020357168,1,0,0.185627779,0,120,1
201320,2013,20,0.011746686,1,0,0.186160222,0,120,1
201321,2013,21,0.00834995,1,0,0.184540476,0,120,1
201322,2013,22,0.012446154,1,0,0.182401895,0,120,1
201323,2013,23,0.020438056,1,0,0.212358286,0,120,1
201324,2013,24,0.0147,1,0,0.185739828,0,120,1
201325,2013,25,0.013372319,1,0,0.190108386,0,120,1
201326,2013,26,0.019549403,1,0,0.196806281,0,120,1
201327,2013,27,0.006465278,1,0,0.206754916,0,120,1
201328,2013,28,0.0278,1,0,0.220901262,0,120,1
201329,2013,29,0.009541328,1,0,0.230143326,0,120,1
201330,2013,30,0.011726405,1,0,0.237076098,0,120,1
201331,2013,31,0,1,0,0.246840321,0,120,1
201332,2013,32,0.005,1,0,0.258836822,0,120,1
201333,2013,33,0.006,1,0,0.256303077,0,120,1
201334,2013,34,0.013271185,1,0,0.259472474,0,120,1
201335,2013,35,0.0136,1,0,0.24182136,0,120,1
201336,2013,36,0.006693477,1,0,0.225899093,0,120,1
201337,2013,37,0.005524561,1,0,0.235045564,0,120,1
201338,2013,38,0.009797899,1,0,0.210487188,0,120,1
201339,2013,39,0.013074689,1,0,0.213864335,0,120,1
201340,2013,40,0.005865542,1,0,0.427215181,0,120,1
201341,2013,41,0.006743712,1,0,0.227165889,0,120,1
201342,2013,42,0.007995261,1,0,0.21404154,0,120,1
201343,2013,43,0.008891835,1,0,0.214494516,0,120,1
201344,2013,44,0.012074298,1,0,0.207461712,0,120,1
201345,2013,45,0.015897417,1,0,0.205164461,0,120,1
201346,2013,46,0.024313577,1,0,0.201353095,0,120,1
201347,2013,47,0.033035887,1,0,0.193945553,0,120,1
201348,2013,48,0.05163626,1,0,0.188105189,0,120,1
201349,2013,49,0.065050844,1,0,0.19232823,1,120,1
201350,2013,50,0.118044847,1,0,0.198069424,1,120,1
201351,2013,51,0.176932773,1,0,0.188730321,1,120,1
201352,2013,52,0.252432392,1,0,0.192333861,1,120,1
201401,2014,1,0.310777623,1,0,0.114115045,1,120,1
201402,2014,2,0.326537879,1,0,0.14503102,1,120,1
201403,2014,3,0.343903654,1,0,0.153534183,1,120,1
201404,2014,4,0.310338081,1,0,0.176406748,1,120,1
201405,2014,5,0.279719287,1,0,0.187294391,1,120,1
201406,2014,6,0.261459078,1,0,0.239202761,1,120,1
201407,2014,7,0.196967043,1,0,0.188390267,1,120,1
201408,2014,8,0.154825158,1,0,0.193611373,1,120,1
201409,2014,9,0.159054991,1,0,0.17013016,1,120,1
201410,2014,10,0.144646766,1,0,0.167766015,1,120,1
201411,2014,11,0.159545433,1,0,0.17148828,1,120,1
201412,2014,12,0.136656779,1,0,0.172825,1,120,1
201413,2014,13,0.099810685,1,0,0.175445432,1,120,1
201414,2014,14,0.097481037,1,0,0.238193315,1,120,1
201415,2014,15,0.094668815,1,0,0.179512398,1,120,1
201416,2014,16,0.080750852,1,0,0.183628398,0,120,1
201417,2014,17,0.05790491,1,0,0.179086371,0,120,1
201418,2014,18,0.059137119,1,0,0.331434399,0,120,1
201419,2014,19,0.044200412,1,0,0.187484057,0,120,1
201420,2014,20,0.03962877,1,0,0.188021824,0,120,1
201421,2014,21,0.03388787,1,0,0.186385881,0,120,1
201422,2014,22,0.021131604,1,0,0.184225914,0,120,1
201423,2014,23,0.018386206,1,0,0.214481869,0,120,1
201424,2014,24,0.017156282,1,0,0.187597226,0,120,1
201425,2014,25,0.010734488,1,0,0.19200947,0,120,1
201426,2014,26,0.031203415,1,0,0.198774344,0,120,1
201427,2014,27,0.023985554,1,0,0.208822466,0,120,1
201428,2014,28,0.032894889,1,0,0.223110275,0,120,1
201429,2014,29,0.032128043,1,0,0.232444759,0,120,1
201430,2014,30,0.04950305,1,0,0.239446859,0,120,1
201431,2014,31,0.037552559,1,0,0.249308724,0,120,1
201432,2014,32,0.036156163,1,0,0.26142519,0,120,1
201433,2014,33,0.049584435,1,0,0.258866108,0,120,1
201434,2014,34,0.042984816,1,0,0.262067199,0,120,1
201435,2014,35,0.038830937,1,0,0.244239574,0,120,1
201436,2014,36,0.034315843,1,0,0.228158084,0,120,1
201437,2014,37,0.059508768,1,0,0.237396019,0,120,1
201438,2014,38,0.051880898,1,0,0.21259206,0,120,1
201439,2014,39,0.040795169,1,0,0.216002978,0,120,1
201440,2014,40,0.045349306,1,0,0.431487333,0,120,1
201441,2014,41,0.035805851,1,0,0.229437548,0,120,1
201442,2014,42,0.026797632,1,0,0.216181955,0,120,1
201443,2014,43,0.028709716,1,0,0.216639461,0,120,1
201444,2014,44,0.043848792,1,0,0.209536329,0,120,1
201445,2014,45,0.056560088,1,0,0.207216105,0,120,1
201446,2014,46,0.07885482,1,0,0.203366626,0,120,1
201447,2014,47,0.128006646,1,0,0.195885009,0,120,1
201448,2014,48,0.183835343,1,0,0.18998624,0,120,1
201449,2014,49,0.240579637,1,0,0.194251512,1,120,1
201450,2014,50,0.297440322,1,0,0.200050118,1,120,1
201451,2014,51,0.339584514,1,0,0.190617624,1,120,1
201452,2014,52,0.346957792,1,0,0.194257199,1,120,1
201501,2015,1,0.312844754,1,0,0.115256196,1,120,1
201502,2015,2,0.253478643,1,0,0.14648133,1,120,1
201503,2015,3,0.205165948,1,0,0.155069525,1,120,1
201504,2015,4,0.144250225,1,0,0.178170815,1,120,1
201505,2015,5,0.112275988,1,0,0.189167335,1,120,1
201506,2015,6,0.097210472,1,0,0.241594789,1,120,1
201507,2015,7,0.090582524,1,0,0.19027417,1,120,1
201508,2015,8,0.10370293,1,0,0.195547486,1,120,1
201509,2015,9,0.10772731,1,0,0.171831462,1,120,1
201510,2015,10,0.109087406,1,0,0.169443675,1,120,1
201511,2015,11,0.130606953,1,0,0.173203162,1,120,1
201512,2015,12,0.144653472,1,0,0.17455325,1,120,1
201513,2015,13,0.142231322,1,0,0.177199886,1,120,1
201514,2015,14,0.121155931,1,0,0.240575248,1,120,1
201515,2015,15,0.101657017,1,0,0.181307522,1,120,1
201516,2015,16,0.082352961,1,0,0.185464682,0,120,1
201517,2015,17,0.074241121,1,0,0.180877235,0,120,1
201518,2015,18,0.066067408,1,0,0.334748743,0,120,1
201519,2015,19,0.042645734,1,0,0.189358898,0,120,1
201520,2015,20,0.041957504,1,0,0.189902043,0,120,1
201521,2015,21,0.024002337,1,0,0.18824974,0,120,1
201522,2015,22,0.020162088,1,0,0.186068173,0,120,1
201523,2015,23,0.014193074,1,0,0.216626688,0,120,1
201524,2015,24,0.019682911,1,0,0.189473198,0,120,1
201525,2015,25,0.015787858,1,0,0.193929564,0,120,1
201526,2015,26,0.016445023,1,0,0.200762087,0,120,1
201527,2015,27,0.040102278,1,0,0.21091069,0,120,1
201528,2015,28,0.025696876,1,0,0.225341377,0,120,1
201529,2015,29,0.030492193,1,0,0.234769207,0,120,1
201530,2015,30,0.038285507,1,0,0.241841327,0,120,1
201531,2015,31,0.030771139,1,0,0.251801811,0,120,1
201532,2015,32,0.052128461,1,0,0.264039442,0,120,1
201533,2015,33,0.05934636,1,0,0.261454769,0,120,1
201534,2015,34,0.060384313,1,0,0.264687871,0,120,1
201535,2015,35,0.068330177,1,0,0.24668197,0,120,1
201536,2015,36,0.049516404,1,0,0.230439665,0,120,1
201537,2015,37,0.062017383,1,0,0.239769979,0,120,1
201538,2015,38,0.036833756,1,0,0.214717981,0,120,1
201539,2015,39,0.023932244,1,0,0.218163008,0,120,1
201540,2015,40,0.027111237,1,0,0.435802207,0,120,1
201541,2015,41,0.013631659,1,0,0.231731924,0,120,1
201542,2015,42,0.011592949,1,0,0.218343775,0,120,1
201543,2015,43,0.015905898,1,0,0.218805855,0,120,1
201544,2015,44,0.014900744,1,0,0.211631692,0,120,1
201545,2015,45,0.017606006,1,0,0.209288267,0,120,1
201546,2015,46,0.016928104,1,0,0.205400292,0,120,1
201547,2015,47,0.018338125,1,0,0.197843859,0,120,1
201548,2015,48,0.030423297,1,0,0.191886103,0,120,1
201549,2015,49,0.033389751,1,0,0.196194027,1,120,1
201550,2015,50,0.048425989,1,0,0.202050619,1,120,1
201551,2015,51,0.068077794,1,0,0.1925238,1,120,1
201552,2015,52,0.103387398,1,0,0.196199771,1,120,1
201601,2016,1,0.155340029,1,0,0.116408758,1,120,1
201602,2016,2,0.249834399,1,0,0.147946143,1,120,1
201603,2016,3,0.300450804,1,0,0.15662022,1,120,1
201604,2016,4,0.319177416,1,0,0.179952524,1,120,1
201605,2016,5,0.327617172,1,0,0.191059009,1,120,1
201606,2016,6,0.331541188,1,0,0.244010737,1,120,1
201607,2016,7,0.332858054,1,0,0.192176911,1,120,1
201608,2016,8,0.335788751,1,0,0.197502961,1,120,1
201609,2016,9,0.360441467,1,0,0.173549776,1,120,1
201610,2016,10,0.379779045,1,0,0.171138112,1,120,1
201611,2016,11,0.408278336,1,0,0.174935194,1,120,1
201612,2016,12,0.355653748,1,0,0.176298782,1,120,1
201613,2016,13,0.285861903,1,0,0.178971885,1,120,1
201614,2016,14,0.25273025,1,0,0.242981,1,120,1
201615,2016,15,0.179597921,1,0,0.183120597,1,120,1
201616,2016,16,0.120985289,1,0,0.187319329,0,120,1
201617,2016,17,0.082017344,1,0,0.182686007,0,120,1
201618,2016,18,0.044504072,1,0,0.33809623,0,120,1
201619,2016,19,0.027062786,1,0,0.191252487,0,120,1
201620,2016,20,0.031614636,1,0,0.191801063,0,120,1
201621,2016,21,0.023027063,1,0,0.190132237,0,120,1
201622,2016,22,0.012844743,1,0,0.187928855,0,120,1
201623,2016,23,0.011887724,1,0,0.218792955,0,120,1
201624,2016,24,0.027339942,1,0,0.19136793,0,120,1
201625,2016,25,0.025642572,1,0,0.19586886,0,120,1
201626,2016,26,0.017429752,1,0,0.202769708,0,120,1
201627,2016,27,0.0153,1,0,0.213019797,0,120,1
201628,2016,28,0,1,0,0.227594791,0,120,1
201629,2016,29,0.018660769,1,0,0.237116899,0,120,1
201630,2016,30,0.010218701,1,0,0.244259741,0,120,1
201631,2016,31,0.014847368,1,0,0.254319829,0,120,1
201632,2016,32,0.018497122,1,0,0.266679836,0,120,1
201633,2016,33,0.015361408,1,0,0.264069317,0,120,1
201634,2016,34,0.016235018,1,0,0.267334749,0,120,1
201635,2016,35,0.0101,1,0,0.249148789,0,120,1
201636,2016,36,0.011292225,1,0,0.232744061,0,120,1
201637,2016,37,0.007617468,1,0,0.242167679,0,120,1
201638,2016,38,0.023542276,1,0,0.216865161,0,120,1
201639,2016,39,0.014168686,1,0,0.220344638,0,120,1
201640,2016,40,0.017082993,1,0,0.440160229,0,120,1
201641,2016,41,0.009999371,1,0,0.234049243,0,120,1
201642,2016,42,0.01741483,1,0,0.220527213,0,120,1
201643,2016,43,0.025388271,1,0,0.220993914,0,120,1
201644,2016,44,0.02661216,1,0,0.213748009,0,120,1
201645,2016,45,0.033932239,1,0,0.211381149,0,120,1
201646,2016,46,0.056518812,1,0,0.207454295,0,120,1
201647,2016,47,0.061751166,1,0,0.199822298,0,120,1
201648,2016,48,0.087273398,1,0,0.193804964,0,120,1
201649,2016,49,0.136444357,1,0,0.198155968,1,120,1
201650,2016,50,0.165757678,1,0,0.204071126,1,120,1
201651,2016,51,0.229806409,1,0,0.194449038,1,120,1
201652,2016,52,0.258435432,1,0,0.198161769,1,120,1
201701,2017,1,0.246714201,1,0,0.117572845,1,120,1
201702,2017,2,0.247291721,1,0,0.149425605,1,120,1
201703,2017,3,0.233936409,1,0,0.158186422,1,120,1
201704,2017,4,0.212563211,1,0,0.181752049,1,120,1
201705,2017,5,0.214656913,1,0,0.192969599,1,120,1
201706,2017,6,0.176984291,1,0,0.246450844,1,120,1
201707,2017,7,0.170914536,1,0,0.194098681,1,120,1
201708,2017,8,0.1616559,1,0,0.199477991,1,120,1
201709,2017,9,0.166545055,1,0,0.175285274,1,120,1
201710,2017,10,0.170068346,1,0,0.172849493,1,120,1
201711,2017,11,0.168758161,1,0,0.176684546,1,120,1
201712,2017,12,0.148713636,1,0,0.17806177,1,120,1
201713,2017,13,0.123043088,1,0,0.180761604,1,120,1
201714,2017,14,0.129136584,1,0,0.24541081,1,120,1
201715,2017,15,0.09244803,1,0,0.184951803,1,120,1
201716,2017,16,0.054594983,1,0,0.189192522,0,120,1
201717,2017,17,0.053975313,1,0,0.184512867,0,120,1
201718,2017,18,0.046800028,1,0,0.341477192,0,120,1
201719,2017,19,0.034232236,1,0,0.193165011,0,120,1
201720,2017,20,0.033912701,1,0,0.193719074,0,120,1
201721,2017,21,0.025400798,1,0,0.19203356,0,120,1
201722,2017,22,0.012292063,1,0,0.189808143,0,120,1
201723,2017,23,0.010242742,1,0,0.220980884,0,120,1
201724,2017,24,0.011786685,1,0,0.193281609,0,120,1
201725,2017,25,0.013067753,1,0,0.197827549,0,120,1
201726,2017,26,0.011672057,1,0,0.204797405,0,120,1
201727,2017,27,0.010776456,1,0,0.215149995,0,120,1
201728,2017,28,0.01447311,1,0,0.229870739,0,120,1
201729,2017,29,0.019272564,1,0,0.239488068,0,120,1
201730,2017,30,0.019355794,1,0,0.246702338,0,120,1
201731,2017,31,0.038520101,1,0,0.256863028,0,120,1
201732,2017,32,0.043702085,1,0,0.269346635,0,120,1
201733,2017,33,0.058888727,1,0,0.26671001,0,120,1
201734,2017,34,0.08723841,1,0,0.270008097,0,120,1
201735,2017,35,0.111188045,1,0,0.251640277,0,120,1
201736,2017,36,0.066582837,1,0,0.235071502,0,120,1
201737,2017,37,0.084499563,1,0,0.244589356,0,120,1
201738,2017,38,0.064296121,1,0,0.219033812,0,120,1
201739,2017,39,0.070197726,1,0,0.222548084,0,120,1
201740,2017,40,0.056113322,1,0,0.444561831,0,120,1
201741,2017,41,0.038284846,1,0,0.236389735,0,120,1
201742,2017,42,0.046157871,1,0,0.222732485,0,120,1
201743,2017,43,0.047481191,1,0,0.223203853,0,120,1
201744,2017,44,0.041712828,1,0,0.215885489,0,120,1
201745,2017,45,0.055059009,1,0,0.213494961,0,120,1
201746,2017,46,0.078362777,1,0,0.209528838,0,120,1
201747,2017,47,0.123110199,1,0,0.201820521,0,120,1
201748,2017,48,0.199474741,1,0,0.195743014,0,120,1
201749,2017,49,0.299329494,1,0,0.200137527,1,120,1
201750,2017,50,0.371072526,1,0,0.206111837,1,120,1
201751,2017,51,0.429196329,1,0,0.196393529,1,120,1
201752,2017,52,0.458855273,1,0,0.200143387,1,120,1
201801,2018,1,0.489276085,1,0,0.118748574,1,120,1
201802,2018,2,0.467537694,1,0,0.150919861,1,120,1
201803,2018,3,0.461519115,1,0,0.159768287,1,120,1
201804,2018,4,0.399439646,1,0,0.183569569,1,120,1
201805,2018,5,0.375631467,1,0,0.194899295,1,120,1
201806,2018,6,0.321926138,1,0,0.248915353,1,120,1
201807,2018,7,0.279637658,1,0,0.196039667,1,120,1
201808,2018,8,0.238207681,1,0,0.201472771,1,120,1
201809,2018,9,0.180248429,1,0,0.177038127,1,120,1
201810,2018,10,0.145494041,1,0,0.174577988,1,120,1
201811,2018,11,0.104396876,1,0,0.178451391,1,120,1
201812,2018,12,0.084310134,1,0,0.179842388,1,120,1
201813,2018,13,0.060546856,1,0,0.18256922,1,120,1
201814,2018,14,0.056981953,1,0,0.247864918,1,120,1
201815,2018,15,0.049676496,1,0,0.186801321,1,120,1
201816,2018,16,0.045033339,1,0,0.191084447,0,120,1
201817,2018,17,0.033176371,1,0,0.186357996,0,120,1
201818,2018,18,0.040728778,1,0,0.344891964,0,120,1
201819,2018,19,0.017906714,1,0,0.195096662,0,120,1
201820,2018,20,0.02127704,1,0,0.195656264,0,120,1
201821,2018,21,0.012879213,1,0,0.193953895,0,120,1
201822,2018,22,0.015818221,1,0,0.191706225,0,120,1
201823,2018,23,0.010501316,1,0,0.223190693,0,120,1
201824,2018,24,0.01273394,1,0,0.195214426,0,120,1
201825,2018,25,0.012944076,1,0,0.199805824,0,120,1
201826,2018,26,0.010987244,1,0,0.206845379,0,120,1
201827,2018,27,0.01249141,1,0,0.217301495,0,120,1
201828,2018,28,0.007560594,1,0,0.232169446,0,120,1
201829,2018,29,0.00638464,1,0,0.241882948,0,120,1
201830,2018,30,0.009244011,1,0,0.249169362,0,120,1
201831,2018,31,0.007809107,1,0,0.259431658,0,120,1
201832,2018,32,0.005127324,1,0,0.272040101,0,120,1
201833,2018,33,0.009303938,1,0,0.26937711,0,120,1
201834,2018,34,0.010220706,1,0,0.272708178,0,120,1
201835,2018,35,0.014616843,1,0,0.25415668,0,120,1
201836,2018,36,0.012057743,1,0,0.237422217,0,120,1
201837,2018,37,0.016411286,1,0,0.24703525,0,120,1
201838,2018,38,0.012611177,1,0,0.221224151,0,120,1
201839,2018,39,0.01333125,1,0,0.224773565,0,120,1
201840,2018,40,0.007129955,1,0,0.449007449,0,120,1
201841,2018,41,0.008099992,1,0,0.238753633,0,120,1
201842,2018,42,0.01337528,1,0,0.22495981,0,120,1
201843,2018,43,0.015447777,1,0,0.225435892,0,120,1
201844,2018,44,0.019111315,1,0,0.218044344,0,120,1
201845,2018,45,0.027373934,1,0,0.21562991,0,120,1
201846,2018,46,0.040285487,1,0,0.211624126,0,120,1
201847,2018,47,0.06059687,1,0,0.203838726,0,120,1
201848,2018,48,0.08593366,1,0,0.197700444,0,120,1
201849,2018,49,0.093319489,1,0,0.202138903,1,120,1
201850,2018,50,0.139730457,1,0,0.208172955,1,120,1
201851,2018,51,0.214508337,1,0,0.198357464,1,120,1
201852,2018,52,0.256801003,1,0,0.20214482,1,120,1
201901,2019,1,0.334920721,1,0,0.11993606,1,120,1
201902,2019,2,0.419595588,1,0,0.152429059,1,120,1
201903,2019,3,0.44393979,1,0,0.161365969,1,120,1
201904,2019,4,0.410923857,1,0,0.185405265,1,120,1
201905,2019,5,0.408613456,1,0,0.196848288,1,120,1
201906,2019,6,0.351216942,1,0,0.251404506,1,120,1
201907,2019,7,0.319391792,1,0,0.198000064,1,120,1
201908,2019,8,0.307282761,1,0,0.203487498,1,120,1
201909,2019,9,0.350389932,1,0,0.178808508,1,120,1
201910,2019,10,0.36123768,1,0,0.176323768,1,120,1
201911,2019,11,0.357939935,1,0,0.180235905,1,120,1
201912,2019,12,0.3519074,1,0,0.181640812,1,120,1
201913,2019,13,0.353559653,1,0,0.184394912,1,120,1
201914,2019,14,0.409196533,1,0,0.250343568,1,120,1
201915,2019,15,0.396822752,1,0,0.188669334,1,120,1
201916,2019,16,0.352031564,1,0,0.192995292,0,120,1
201917,2019,17,0.310599602,1,0,0.188221576,0,120,1
201918,2019,18,0.222006074,1,0,0.348340884,0,120,1
201919,2019,19,0.178686179,1,0,0.197047628,0,120,1
201920,2019,20,0.139937909,1,0,0.197612827,0,120,1
201921,2019,21,0.135032548,1,0,0.195893434,0,120,1
201922,2019,22,0.09552692,1,0,0.193623287,0,120,1
201923,2019,23,0.078499695,1,0,0.2254226,0,120,1
201924,2019,24,0.040168811,1,0,0.19716657,0,120,1
201925,2019,25,0.028801106,1,0,0.201803882,0,120,1
201926,2019,26,0.022092316,1,0,0.208913833,0,120,1
201927,2019,27,0.011473158,1,0,0.21947451,0,120,1
201928,2019,28,0.024258985,1,0,0.234491141,0,120,1
201929,2019,29,0.012583284,1,0,0.244301778,0,120,1
201930,2019,30,0.011480089,1,0,0.251661055,0,120,1
201931,2019,31,0.010723894,1,0,0.262025975,0,120,1
201932,2019,32,0.010502936,1,0,0.274760502,0,120,1
201933,2019,33,0.014188508,1,0,0.272070881,0,120,1
201934,2019,34,0.01679867,1,0,0.27543526,0,120,1
201935,2019,35,0.022439746,1,0,0.256698247,0,120,1
201936,2019,36,0.017089228,1,0,0.239796439,0,120,1
201937,2019,37,0.014315956,1,0,0.249505602,0,120,1
201938,2019,38,0.010134388,1,0,0.223436392,0,120,1
201939,2019,39,0.009103053,1,0,0.227021301,0,120,1
201940,2019,40,0.004759398,1,0,0.453497524,0,120,1
201941,2019,41,0.003920653,1,0,0.241141169,0,120,1
201942,2019,42,0.009926373,1,0,0.227209408,0,120,1
201943,2019,43,0.013163993,1,0,0.227690251,0,120,1
201944,2019,44,0.025129322,1,0,0.220224787,0,120,1
201945,2019,45,0.024424699,1,0,0.217786209,0,120,1
201946,2019,46,0.037069809,1,0,0.213740368,0,120,1
201947,2019,47,0.047352458,1,0,0.205877113,0,120,1
201948,2019,48,0.085503231,1,0,0.199677448,0,120,1
201949,2019,49,0.154992872,1,0,0.204160292,1,120,1
201950,2019,50,0.22931737,1,0,0.210254685,1,120,1
201951,2019,51,0.300170132,1,0,0.200341038,1,120,1
201952,2019,52,0.371686042,1,0,0.204166269,1,120,1
202001,2020,1,0.383254408,1,0,0.202263939,1,120,1
202002,2020,2,0.334508944,1,0,0.218400304,1,120,1
202003,2020,3,0.306504807,1,0,0.280661702,1,120,1
202004,2020,4,0.264673844,0,1,0.210129739,1,120,1
202005,2020,5,0.161802467,0,1,0.085370705,1,120,1
202006,2020,6,0.067198058,0,1,0.042402514,1,120,1
202007,2020,7,0.036721251,0,1,0.039818035,1,120,1
202008,2020,8,0.036372767,0,1,0.076354446,1,130,1
202009,2020,9,0.029250567,0,1,0.117739445,1,130,1
202010,2020,10,0.015853468,0,1,0.150738308,1,130,1
202011,2020,11,0.027143185,0,1,0.183735778,1,130,1
202012,2020,12,0.024354623,0,1,0.216676819,1,130,1
202013,2020,13,0.018751821,0,1,0.239481515,1,130,1
202014,2020,14,0.00718735,0,1,0.265031245,1,130,1
202015,2020,15,0.002475248,0,1,0.274138201,1,130,1
202016,2020,16,0.000917431,0,1,0.278338969,0,130,1
202017,2020,17,0.000909091,0,1,0.280205139,0,130,1
202018,2020,18,0.001516117,0,1,0.351007214,0,130,1
202019,2020,19,0.002123142,0,1,0.280882831,0,130,1
202020,2020,20,0.001478238,0,1,0.26220057,0,130,1
202021,2020,21,0.001478238,0,1,0.260931178,0,130,1
202022,2020,22,0.001478238,0,1,0.26239944,0,130,1
202023,2020,23,0.001478238,0,1,0.265126003,0,130,1
202024,2020,24,0.000833333,0,1,0.263755721,0,130,1
202025,2020,25,0.000860716,0,1,0.241019898,0,130,1
202026,2020,26,0.000860716,0,1,0.259898012,0,130,1
202027,2020,27,0.000860716,0,1,0.251859319,0,130,1
202028,2020,28,0.000888099,0,1,0.266796546,0,130,1
202029,2020,29,0.000585653,0,1,0.304562521,0,130,1
202030,2020,30,0.000585653,0,1,0.282363944,0,130,1
202031,2020,31,0.000585653,0,1,0.28773916,0,130,1
202032,2020,32,0.000585653,0,1,0.294102053,0,130,1
202033,2020,33,0.000585653,0,1,0.306712637,0,130,1
202034,2020,34,0.000585653,0,1,0.313908431,0,130,1
202035,2020,35,0.000585653,0,1,0.317471874,0,130,1
202036,2020,36,0.000585653,0,1,0.29094425,0,130,1
202037,2020,37,0.000585653,0,1,0.293929132,0,130,1
202038,2020,38,0.000585653,0,1,0.301194245,0,130,1
202039,2020,39,0.000585653,0,1,0.301184162,0,130,1
202040,2020,40,0.000585653,0,1,0.479635413,0,130,1
202041,2020,41,0.000283206,0,1,0.419968269,0,130,1
202042,2020,42,0.000950119,0,1,0.291641941,0,130,1
202043,2020,43,0.000693963,0,1,0.29221299,0,130,1
202044,2020,44,0.000463641,0,1,0.289483977,0,130,1
202045,2020,45,0.000463641,0,1,0.283421321,0,130,1
202046,2020,46,0.000233318,0,1,0.282401033,0,130,1
202047,2020,47,0.000431686,1,1,0.263871229,0,130,1
202048,2020,48,0.000202881,1,1,0.265441437,0,130,1
202049,2020,49,0.000208576,1,1,0.262371868,1,130,1
202050,2020,50,0.00021427,1,1,0.268020201,1,130,1
202051,2020,51,0.000393314,1,1,0.253661958,1,130,0.9675
202052,2020,52,0.000302009,1,1,0.251547493,1,130,0.922
202053,2020,53,0.000302009,1,1,0.249944691,1,130,0.8672
202101,2021,1,0.000210704,1,1,0.22539031,1,130,0.75665
202102,2021,2,0.000219732,1,1,0.203829656,1,130,0.65455
202103,2021,3,0.000845845,1,1,0.189752877,1,130,0.4687
202104,2021,4,0.002444444,1,1,0.185050688,1,130,0.24535
202105,2021,5,0.001244555,1,1,0.178015347,1,130,0.1
202106,2021,6,0.000504414,1,1,0.160642079,1,130,0.1
202107,2021,7,0.000958084,1,1,0.27399364,1,130,0.1
202108,2021,8,0.002177226,1,1,0.277885233,1,130,0.1
202109,2021,9,0.002591233,1,1,0.301273183,1,130,0.1
202110,2021,10,0.004040834,1,1,0.295759302,1,130,0.1
202111,2021,11,0.012306471,1,1,0.300345854,1,270,0.1
202112,2021,12,0.014318804,1,1,0.311880287,1,270,0.1
202113,2021,13,0.022450289,1,1,0.35686431,1,270,0.1
202114,2021,14,0.045602606,1,1,0.347139732,1,270,0.1
202115,2021,15,0.051865009,1,1,0.318035257,1,270,0.1
202116,2021,16,0.075,1,1,0.306299355,0,270,0.1
202117,2021,17,0.069327731,1,1,0.47056099,0,270,0.1
202118,2021,18,0.063620837,1,1,0.448971425,0,270,0.1
202119,2021,19,0.065816536,1,1,0.315960451,0,270,0.1
202120,2021,20,0.08459596,1,1,0.313095184,0,270,0.1
202121,2021,21,0.087523992,1,1,0.306393882,0,270,0.1
202122,2021,22,0.072340426,1,1,0.306250574,0,270,0.1
202123,2021,23,0.069014085,1,1,0.334156133,0,270,0.1
202124,2021,24,0.042995169,1,1,0.32170189,0,270,0.1
202125,2021,25,0.03227459,1,1,0.317786481,0,270,0.1
202126,2021,26,0.016410256,1,1,0.32163204,0,270,0.1
202127,2021,27,0.01129666,1,1,0.35334421,0,270,0.1
202128,2021,28,0.008446739,1,1,0.193023656,0,270,0.1
202129,2021,29,0,1,1,0.307608147,0,270,0.1
202130,2021,30,0,1,1,0.285187583,0,270,0.1
202131,2021,31,0,1,1,0.290616551,0,270,0.1
202132,2021,32,0,1,1,0.297043073,0,270,0.1
202133,2021,33,0,1,1,0.309779763,0,270,0.1
202134,2021,34,0,1,1,0.317047515,0,270,0.1
202135,2021,35,0,1,1,0.320646593,0,270,0.1
202136,2021,36,0,1,1,0.293853692,0,270,0.1
202137,2021,37,0,1,1,0.296868423,0,270,0.1
202138,2021,38,0,1,1,0.304206187,0,270,0.1
202139,2021,39,0,1,1,0.304196003,0,270,0.1
202140,2021,40,0,1,1,0.484431767,0,270,0
202141,2021,41,0,1,1,0.424167951,0,270,0
202142,2021,42,0,1,1,0.294558361,0,270,0
202143,2021,43,0,1,1,0.29513512,0,270,0
202144,2021,44,0,1,1,0.292378817,0,270,0
202145,2021,45,0,1,1,0.286255534,0,270,0
202146,2021,46,0,1,1,0.285225043,0,270,0
202147,2021,47,0,1,1,0.266509941,0,270,0
202148,2021,48,0,1,1,0.268095851,0,270,0
202149,2021,49,0,1,1,0.264995587,1,270,0
202150,2021,50,0,1,1,0.270700403,1,270,0
202151,2021,51,0,1,1,0.256198578,1,270,0
202152,2021,52,0,1,1,0.254062968,1,270,0
202201,2022,1,0,1,1,0.227644213,1,270,0
202202,2022,2,0,1,1,0.205867953,1,270,0
202203,2022,3,0,1,1,0.191650406,1,270,0
202204,2022,4,0,1,1,0.186901195,1,270,0
202205,2022,5,0,1,1,0.1797955,1,270,0
202206,2022,6,0,1,1,0.1622485,1,270,0
202207,2022,7,0,1,1,0.276733576,1,270,0
202208,2022,8,0,1,1,0.280664086,1,270,0
202209,2022,9,0,1,1,0.304285915,1,270,0
202210,2022,10,0,1,1,0.298716895,1,270,0
202211,2022,11,0,1,1,0.303349312,1,270,0
202212,2022,12,0,1,1,0.31499909,1,270,0
202213,2022,13,0,1,1,0.360432953,1,270,0
202214,2022,14,0,1,1,0.350611129,1,270,0
202215,2022,15,0,1,1,0.321215609,1,270,0
202216,2022,16,0,1,1,0.309362348,0,270,0
202217,2022,17,0,1,1,0.4752666,0,270,0
202218,2022,18,0,1,1,0.453461139,0,270,0
202219,2022,19,0,1,1,0.319120055,0,270,0
202220,2022,20,0,1,1,0.316226135,0,270,0
202221,2022,21,0,1,1,0.309457821,0,270,0
202222,2022,22,0,1,1,0.309313079,0,270,0
202223,2022,23,0,1,1,0.337497694,0,270,0
202224,2022,24,0,1,1,0.324918909,0,270,0
202225,2022,25,0,1,1,0.320964346,0,270,0
202226,2022,26,0,1,1,0.32484836,0,270,0
202227,2022,27,0,1,1,0.356877652,0,270,0
202228,2022,28,0,1,1,0.194953893,0,270,0
202229,2022,29,0,1,1,0.310684228,0,270,0
202230,2022,30,0,1,1,0.288039459,0,270,0
202231,2022,31,0,1,1,0.293522717,0,270,0
202232,2022,32,0,1,1,0.300013504,0,270,0
202233,2022,33,0,1,1,0.312877561,0,270,0
202234,2022,34,0,1,1,0.32021799,0,270,0
202235,2022,35,0,1,1,0.323853059,0,270,0
202236,2022,36,0,1,1,0.296792229,0,270,0
202237,2022,37,0,1,1,0.299837107,0,270,0
202238,2022,38,0,1,1,0.307248249,0,270,0
202239,2022,39,0,1,1,0.307237963,0,270,0
202240,2022,40,0,1,1,0.489276085,0,270,0
202241,2022,41,0,1,1,0.428409631,0,270,0
202242,2022,42,0,1,1,0.297503944,0,270,0
202243,2022,43,0,1,1,0.298086471,0,270,0
202244,2022,44,0,1,1,0.295302605,0,270,0
202245,2022,45,0,1,1,0.28911809,0,270,0
202246,2022,46,0,1,1,0.288077294,0,270,0
202247,2022,47,0,1,1,0.269175041,0,270,0
202248,2022,48,0,1,1,0.27077681,0,270,0
202249,2022,49,0,1,1,0.267645543,1,270,0
202250,2022,50,0,1,1,0.273407407,1,270,0
202251,2022,51,0,1,1,0.258760564,1,270,0
202252,2022,52,0,1,1,0.256603597,1,270,0
