id,year,week,positive_rate,t1,t2,volume,seasonindicator,bsweight,cpl,intervolume,mova,winter,vw
201114,2011,14,0.040941328,1,0,0.286423926,1,130,1,0.376801329,8803.91166,1,0.417048398
201115,2011,15,0.032943936,1,0,0.287715441,1,130,1,0.376801329,8735.729808,1,0.423257698
201116,2011,16,0.014469032,1,0,0.291805188,1,130,1,0.376801329,9759.268013,1,0
201117,2011,17,0.01319925,1,0,0.319634927,1,130,1,0.376908027,8894.579521,1,0
201118,2011,18,0.020094335,1,0,0.30217766,1,130,1,0.376908027,8868.228349,1,0
201119,2011,19,0.024049037,1,0,0.302927182,1,130,1,0.376908027,8863.801159,1,0
201120,2011,20,0.025689308,1,0,0.303066931,0,130,1,0.376908027,8873.308457,1,0
201121,2011,21,0.01854991,1,0,0.272185675,0,130,1,0.376908027,8098.39421,0,0
201122,2011,22,0.012868092,1,0,0.262099208,0,130,1,0.36938587,8100.135512,0,0
201123,2011,23,0.005405405,1,0,0.263239679,0,130,1,0.36938587,8084.911638,0,0
201124,2011,24,0,1,0,0.260194209,0,130,1,0.36938587,8091.44534,0,0
201125,2011,25,0.001972387,1,0,0.263957076,0,130,1,0.36938587,8232.14472,0,0
201126,2011,26,0.001972387,1,0,0.265853286,0,130,1,0.370292798,7953.931054,0,0
201127,2011,27,0.008301501,1,0,0.264840333,0,130,1,0.370292798,7996.468871,0,0
201128,2011,28,0.006329114,1,0,0.273407637,0,130,1,0.370292798,8029.788991,0,0
201129,2011,29,0.011793595,1,0,0.280950554,0,130,1,0.370292798,8081.610422,0,0
201130,2011,30,0.00734772,1,0,0.285746156,0,130,1,0.372053302,8104.571949,0,0
201131,2011,31,0.013915865,1,0,0.292107088,0,130,1,0.372053302,8301.836892,0,0
201132,2011,32,0.024613,1,0,0.299103596,0,130,1,0.372053302,8497.55189,0,0
201133,2011,33,0.04027362,1,0,0.304853321,0,130,1,0.372053302,8600.051558,0,0
201134,2011,34,0.035339463,1,0,0.305993189,0,130,1,0.372053302,8554.585893,0,0
201135,2011,35,0.023076482,1,0,0.301129992,0,130,1,0.396860412,8732.364448,0,0
201136,2011,36,0.008768868,1,0,0.300938064,0,130,1,0.396860412,8473.733507,0,0
201137,2011,37,0.009231317,1,0,0.291791185,0,130,1,0.396860412,8217.333007,0,0
201138,2011,38,0.015357745,1,0,0.299362426,0,130,1,0.396860412,9737.046556,0,0
201139,2011,39,0.01892422,1,0,0.365326372,0,130,1,0.414732201,9808.135326,0,0
201140,2011,40,0.016827784,1,0,0.367355745,0,130,1,0.414732201,9518.026996,1,0
201141,2011,41,0.013381668,1,0,0.358215859,0,130,1,0.414732201,9568.645102,1,0
201142,2011,42,0.014271255,1,0,0.352421593,0,130,1,0.414732201,9614.572654,1,0
201143,2011,43,0.033021255,1,0,0.29664363,0,130,1,0.414732201,7974.809157,1,0
201144,2011,44,0.043427446,1,0,0.262717298,0,130,1,0.399847934,7956.108773,1,0
201145,2011,45,0.062807896,1,0,0.268611199,0,130,1,0.399847934,7991.133824,1,0.459338624
201146,2011,46,0.070537647,1,0,0.27654519,1,130,1,0.399847934,7979.201938,1,0.458948676
201147,2011,47,0.070219175,1,0,0.278315704,1,130,1,0.399847934,7956.05672,1,0.454132201
201148,2011,48,0.083550458,1,0,0.277504179,1,130,1,0.325693348,7977.015278,1,0.433502778
201149,2011,49,0.108233498,1,0,0.278558279,1,130,1,0.325693348,7922.292279,1,0.411578821
201150,2011,50,0.143819083,1,0,0.278751037,1,130,1,0.325693348,7877.75728,1,0.389654864
201151,2011,51,0.194571506,1,0,0.282760543,1,130,1,0.325693348,7982.091887,1,0.368056643
201152,2011,52,0.201429193,1,0,0.274418418,1,130,1,0.325693348,8270.528052,1,0.357207738
201201,2012,1,0.246448589,1,0,0.25779288,1,130,1,0.301899862,7834.38616,1,0.33617162
201202,2012,2,0.246334711,1,0,0.252940354,1,130,1,0.301899862,8270.361208,1,0.330464656
201203,2012,3,0.293337064,1,0,0.282039476,1,130,1,0.301899862,8746.561004,1,0.324757692
201204,2012,4,0.289158509,1,0,0.339717873,1,130,1,0.301899862,9977.223733,1,0.324361515
201205,2012,5,0.309640088,1,0,0.403448156,1,130,1,0.327827292,10857.66535,1,0.335649069
201206,2012,6,0.375978759,1,0,0.444515337,1,130,1,0.327827292,11097.23804,1,0.347290675
201207,2012,7,0.413879818,1,0,0.432593813,1,130,1,0.327827292,10646.55521,1,0.358932281
201208,2012,8,0.445212797,1,0,0.365302772,1,130,1,0.327827292,10108.53495,1,0.371775836
201209,2012,9,0.376315627,1,0,0.313067288,1,130,1,0.38955165,8899.464693,1,0.382959294
201210,2012,10,0.326802956,1,0,0.253044376,1,130,1,0.38955165,8035.876451,1,0.392341324
201211,2012,11,0.235858382,1,0,0.241482063,1,130,1,0.38955165,7844.009804,1,0.401723354
201212,2012,12,0.168927045,1,0,0.241593719,1,130,1,0.38955165,8717.431071,1,0.411031715
201213,2012,13,0.107853726,1,0,0.268280831,1,130,1,0.400274724,8826.301187,1,0.417908981
201214,2012,14,0.065861793,1,0,0.286257558,1,130,1,0.400274724,8803.91166,1,0.423681204
201215,2012,15,0.045143613,1,0,0.287316775,1,130,1,0.400274724,8735.729808,1,0.429453427
201216,2012,16,0.02473545,1,0,0.287928923,1,130,1,0.400274724,9759.268013,1,0
201217,2012,17,0.019172113,1,0,0.318853503,1,130,1,0.400274724,8894.579521,1,0
201218,2012,18,0.004357298,1,0,0.302744938,1,130,1,0.378828577,8868.228349,1,0
201219,2012,19,0.012904307,1,0,0.302641941,1,130,1,0.378828577,8863.801159,1,0
201220,2012,20,0.021367521,1,0,0.303230588,0,130,1,0.378828577,8873.308457,1,0
201221,2012,21,0.027391618,1,0,0.286781044,0,130,1,0.378828577,8098.39421,0,0
201222,2012,22,0.020981361,1,0,0.258573509,0,130,1,0.364424449,8100.135512,0,0
201223,2012,23,0.015568256,1,0,0.263736369,0,130,1,0.364424449,8084.911638,0,0
201224,2012,24,0.01199514,1,0,0.260613218,0,130,1,0.364424449,8091.44534,0,0
201225,2012,25,0.014131892,1,0,0.262473612,0,130,1,0.364424449,8232.14472,0,0
201226,2012,26,0.014988947,1,0,0.26693186,0,130,1,0.351354036,7953.931054,0,0
201227,2012,27,0.034182989,1,0,0.26340391,0,130,1,0.351354036,7996.468871,0,0
201228,2012,28,0.048050074,1,0,0.270603334,0,130,1,0.351354036,8029.788991,0,0
201229,2012,29,0.069025377,1,0,0.279308873,0,130,1,0.351354036,8081.610422,0,0
201230,2012,30,0.082468075,1,0,0.284400638,0,130,1,0.351354036,8104.571949,0,0
201231,2012,31,0.087801664,1,0,0.290093124,0,130,1,0.348739953,8301.836892,0,0
201232,2012,32,0.07979332,1,0,0.297193701,0,130,1,0.348739953,8497.55189,0,0
201233,2012,33,0.053535623,1,0,0.303436116,0,130,1,0.348739953,8600.051558,0,0
201234,2012,34,0.039585254,1,0,0.306671477,0,130,1,0.348739953,8554.585893,0,0
201235,2012,35,0.033948374,1,0,0.302607443,0,130,1,0.359036238,8732.364448,0,0
201236,2012,36,0.030932305,1,0,0.300987257,0,130,1,0.359036238,8473.733507,0,0
201237,2012,37,0.023091997,1,0,0.294719572,0,130,1,0.359036238,8217.333007,0,0
201238,2012,38,0.009328957,1,0,0.288922215,0,130,1,0.359036238,9737.046556,0,0
201239,2012,39,0.006316124,1,0,0.351248918,0,130,1,0.382936421,9808.135326,0,0
201240,2012,40,0.004632622,1,0,0.370875365,0,130,1,0.382936421,9518.026996,1,0
201241,2012,41,0.00280112,1,0,0.359622643,0,130,1,0.382936421,9568.645102,1,0
201242,2012,42,0,1,0,0.35443661,0,130,1,0.382936421,9614.572654,1,0
201243,2012,43,0,1,0,0.319382341,0,130,1,0.382936421,7974.809157,1,0
201244,2012,44,0.002380952,1,0,0.264262429,0,130,1,0.364104357,7956.108773,1,0
201245,2012,45,0.002380952,1,0,0.266815335,0,130,1,0.364104357,7991.133824,1,0.403318018
201246,2012,46,0.002380952,1,0,0.274314868,1,130,1,0.364104357,7979.201938,1,0.401712134
201247,2012,47,0,1,0,0.278792189,1,130,1,0.364104357,7956.05672,1,0.399034792
201248,2012,48,0.002109705,1,0,0.27737397,1,130,1,0.301046283,7977.015278,1,0.384188172
201249,2012,49,0.002109705,1,0,0.278457762,1,130,1,0.301046283,7922.292279,1,0.366152374
201250,2012,50,0.002109705,1,0,0.278474691,1,130,1,0.301046283,7877.75728,1,0.348116577
201251,2012,51,0.007707129,1,0,0.280847806,1,130,1,0.301046283,7982.091887,1,0.330080779
201252,2012,52,0.069386919,1,0,0.279456793,1,130,1,0.301046283,8270.528052,1,0.319675898
201301,2013,1,0.0903393,1,0,0.261946406,1,130,1,0.300086008,7834.38616,1,0.329339945
201302,2013,2,0.15712712,1,0,0.252199457,1,130,1,0.300086008,8270.361208,1,0.329102485
201303,2013,3,0.166951011,1,0,0.267853853,1,130,1,0.300086008,8746.561004,1,0.328865025
201304,2013,4,0.20884016,1,0,0.325918686,1,130,1,0.300086008,9977.223733,1,0.328448028
201305,2013,5,0.199847394,1,0,0.380869103,1,130,1,0.264822568,10857.66535,1,0.326923884
201306,2013,6,0.21001038,1,0,0.440888423,1,130,1,0.264822568,11097.23804,1,0.325220204
201307,2013,7,0.224205887,1,0,0.440307381,1,130,1,0.264822568,10646.55521,1,0.323516523
201308,2013,8,0.231744872,1,0,0.387820011,1,130,1,0.264822568,10108.53495,1,0.324279748
201309,2013,9,0.215651976,1,0,0.327879352,1,130,1,0.374667384,8899.464693,1,0.341229094
201310,2013,10,0.20982706,1,0,0.266446255,1,130,1,0.374667384,8035.876451,1,0.361375495
201311,2013,11,0.184808491,1,0,0.243845209,1,130,1,0.374667384,7844.009804,1,0.381521896
201312,2013,12,0.170901387,1,0,0.241139199,1,130,1,0.374667384,8717.431071,1,0.401668297
201313,2013,13,0.119220516,1,0,0.262464558,1,130,1,0.357222385,8826.301187,1,0.409519982
201314,2013,14,0.098975694,1,0,0.286231386,1,130,1,0.357222385,8803.91166,1,0.40815063
201315,2013,15,0.06086835,1,0,0.287106465,1,130,1,0.357222385,8735.729808,1,0.406781278
201316,2013,16,0.059355118,1,0,0.287970385,1,130,1,0.357222385,9759.268013,1,0
201317,2013,17,0.038761248,1,0,0.314958434,1,130,1,0.357222385,8894.579521,1,0
201318,2013,18,0.035054143,1,0,0.304509841,1,130,1,0.32521321,8868.228349,1,0
201319,2013,19,0.019985977,1,0,0.302597031,1,130,1,0.32521321,8863.801159,1,0
201320,2013,20,0.014359702,1,0,0.303349422,0,130,1,0.32521321,8873.308457,1,0
201321,2013,21,0.004507485,1,0,0.293118528,0,130,1,0.32521321,8098.39421,0,0
201322,2013,22,0.004732236,1,0,0.257622097,0,130,1,0.323399356,8100.135512,0,0
201323,2013,23,0.004497354,1,0,0.263956325,0,130,1,0.323399356,8084.911638,0,0
201324,2013,24,0.005892055,1,0,0.261182542,0,130,1,0.323399356,8091.44534,0,0
201325,2013,25,0.012202546,1,0,0.261626803,0,130,1,0.323399356,8232.14472,0,0
201326,2013,26,0.010879795,1,0,0.267048246,0,130,1,0.328200733,7953.931054,0,0
201327,2013,27,0.009485095,1,0,0.263118945,0,130,1,0.328200733,7996.468871,0,0
201328,2013,28,0,1,0,0.269299824,0,130,1,0.328200733,8029.788991,0,0
201329,2013,29,0,1,0,0.278301697,0,130,1,0.328200733,8081.610422,0,0
201330,2013,30,0,1,0,0.283741922,0,130,1,0.328200733,8104.571949,0,0
201331,2013,31,0.001234568,1,0,0.289114975,0,130,1,0.324786421,8301.836892,0,0
201332,2013,32,0.002429311,1,0,0.296154294,0,130,1,0.324786421,8497.55189,0,0
201333,2013,33,0.003624054,1,0,0.30264902,0,130,1,0.324786421,8600.051558,0,0
201334,2013,34,0.002389486,1,0,0.306746683,0,130,1,0.324786421,8554.585893,0,0
201335,2013,35,0.003749022,1,0,0.303346023,0,130,1,0.355408531,8732.364448,0,0
201336,2013,36,0.002554278,1,0,0.300877233,0,130,1,0.355408531,8473.733507,0,0
201337,2013,37,0.002554278,1,0,0.296303086,0,130,1,0.355408531,8217.333007,0,0
201338,2013,38,0.003267974,1,0,0.287788047,0,130,1,0.355408531,9737.046556,0,0
201339,2013,39,0.003267974,1,0,0.340213691,0,130,1,0.355408531,9808.135326,0,0
201340,2013,40,0.00590302,1,0,0.372439207,0,130,1,0.402728761,9518.026996,1,0
201341,2013,41,0.002635046,1,0,0.360624384,0,130,1,0.402728761,9568.645102,1,0
201342,2013,42,0.004918151,1,0,0.355378606,0,130,1,0.402728761,9614.572654,1,0
201343,2013,43,0.005816674,1,0,0.329178936,0,130,1,0.402728761,7974.809157,1,0
201344,2013,44,0.015250636,1,0,0.266993914,0,130,1,0.372320044,7956.108773,1,0
201345,2013,45,0.017987611,1,0,0.265895714,0,130,1,0.372320044,7991.133824,1,0.432131569
201346,2013,46,0.027199141,1,0,0.273146844,1,130,1,0.372320044,7979.201938,1,0.427680954
201347,2013,47,0.032867659,1,0,0.278759477,1,130,1,0.372320044,7956.05672,1,0.422862403
201348,2013,48,0.056176191,1,0,0.27741315,1,130,1,0.311822706,7977.015278,1,0.40844513
201349,2013,49,0.08355455,1,0,0.278301019,1,130,1,0.311822706,7922.292279,1,0.390416206
201350,2013,50,0.138059912,1,0,0.27846017,1,130,1,0.311822706,7877.75728,1,0.372387282
201351,2013,51,0.202824393,1,0,0.280239323,1,130,1,0.311822706,7982.091887,1,0.354358357
201352,2013,52,0.224640627,1,0,0.281101723,1,130,1,0.311822706,8270.528052,1,0.339255817
201401,2014,1,0.276070247,1,0,0.264197859,1,130,1,0.277572889,7834.38616,1,0.341723354
201402,2014,2,0.301049443,1,0,0.252655566,1,130,1,0.277572889,8270.361208,1,0.332968759
201403,2014,3,0.347881683,1,0,0.262414107,1,130,1,0.277572889,8746.561004,1,0.324214164
201404,2014,4,0.343803283,1,0,0.317671926,1,130,1,0.277572889,9977.223733,1,0.316849204
201405,2014,5,0.328295097,1,0,0.370432135,1,130,1,0.299979311,10857.66535,1,0.326159862
201406,2014,6,0.29552751,1,0,0.437213297,1,130,1,0.299979311,11097.23804,1,0.340102635
201407,2014,7,0.246215504,1,0,0.44256698,1,130,1,0.299979311,10646.55521,1,0.354045409
201408,2014,8,0.200988623,1,0,0.399002803,1,130,1,0.299979311,10108.53495,1,0.368951251
201409,2014,9,0.179598215,1,0,0.334181742,1,130,1,0.393659495,8899.464693,1,0.389438442
201410,2014,10,0.155918437,1,0,0.274997218,1,130,1,0.393659495,8035.876451,1,0.405168563
201411,2014,11,0.13047422,1,0,0.244898788,1,130,1,0.393659495,7844.009804,1,0.420898684
201412,2014,12,0.092170172,1,0,0.240736947,1,130,1,0.393659495,8717.431071,1,0.436628805
201413,2014,13,0.05895558,1,0,0.256459667,1,130,1,0.393659495,8826.301187,1,0.447918498
201414,2014,14,0.033371724,1,0,0.28618168,1,130,1,0.401288348,8803.91166,1,0.453287619
201415,2014,15,0.022253944,1,0,0.286916385,1,130,1,0.401288348,8735.729808,1,0.45865674
201416,2014,16,0.013617658,1,0,0.288052276,1,130,1,0.401288348,9759.268013,1,0
201417,2014,17,0.009473012,1,0,0.309166925,1,130,1,0.401288348,8894.579521,1,0
201418,2014,18,0.006404047,1,0,0.308100687,1,130,1,0.373440366,8868.228349,1,0
201419,2014,19,0.005369895,1,0,0.302605821,1,130,1,0.373440366,8863.801159,1,0
201420,2014,20,0.00895252,1,0,0.303419299,0,130,1,0.373440366,8873.308457,1,0
201421,2014,21,0.011625541,1,0,0.298057182,0,130,1,0.373440366,8098.39421,0,0
201422,2014,22,0.011673233,1,0,0.258095345,0,130,1,0.349060045,8100.135512,0,0
201423,2014,23,0.005926107,1,0,0.264045664,0,130,1,0.349060045,8084.911638,0,0
201424,2014,24,0.002226435,1,0,0.261840949,0,130,1,0.349060045,8091.44534,0,0
201425,2014,25,0.002378543,1,0,0.260936968,0,130,1,0.349060045,8232.14472,0,0
201426,2014,26,0.002378543,1,0,0.266660067,0,130,1,0.349060045,7953.931054,0,0
201427,2014,27,0.002569053,1,0,0.263342177,0,130,1,0.333802338,7996.468871,0,0
201428,2014,28,0.001287001,1,0,0.268073482,0,130,1,0.333802338,8029.788991,0,0
201429,2014,29,0.008202631,1,0,0.277179964,0,130,1,0.333802338,8081.610422,0,0
201430,2014,30,0.008625031,1,0,0.283049877,0,130,1,0.333802338,8104.571949,0,0
201431,2014,31,0.011830159,1,0,0.288216428,0,130,1,0.326600274,8301.836892,0,0
201432,2014,32,0.00491453,1,0,0.295064371,0,130,1,0.326600274,8497.55189,0,0
201433,2014,33,0.003205128,1,0,0.301854141,0,130,1,0.326600274,8600.051558,0,0
201434,2014,34,0,1,0,0.306551616,0,130,1,0.326600274,8554.585893,0,0
201435,2014,35,0.0013947,1,0,0.304105986,0,130,1,0.360850091,8732.364448,0,0
201436,2014,36,0.002671839,1,0,0.300683456,0,130,1,0.360850091,8473.733507,0,0
201437,2014,37,0.003879569,1,0,0.297944063,0,130,1,0.360850091,8217.333007,0,0
201438,2014,38,0.002484869,1,0,0.288364918,0,130,1,0.360850091,9737.046556,0,0
201439,2014,39,0.001207729,1,0,0.32837463,0,130,1,0.360850091,9808.135326,0,0
201440,2014,40,0,1,0,0.372989189,0,130,1,0.401608439,9518.026996,1,0
201441,2014,41,0,1,0,0.361825127,0,130,1,0.401608439,9568.645102,1,0
201442,2014,42,0,1,0,0.356254034,0,130,1,0.401608439,9614.572654,1,0
201443,2014,43,0.001203369,1,0,0.33761065,0,130,1,0.401608439,7974.809157,1,0
201444,2014,44,0.003382019,1,0,0.271362975,0,130,1,0.388164586,7956.108773,1,0
201445,2014,45,0.004404514,1,0,0.264950488,0,130,1,0.388164586,7991.133824,1,0.454375807
201446,2014,46,0.006195156,1,0,0.271980497,1,130,1,0.388164586,7979.201938,1,0.454246715
201447,2014,47,0.005011532,1,0,0.27860532,1,130,1,0.388164586,7956.05672,1,0.454117624
201448,2014,48,0.005790839,1,0,0.277481981,1,130,1,0.315450412,7977.015278,1,0.441533137
201449,2014,49,0.005790839,1,0,0.27809105,1,130,1,0.315450412,7922.292279,1,0.419639377
201450,2014,50,0.005670704,1,0,0.278502619,1,130,1,0.315450412,7877.75728,1,0.397745618
201451,2014,51,0.007074031,1,0,0.279767483,1,130,1,0.315450412,7982.091887,1,0.375851858
201452,2014,52,0.007413352,1,0,0.282308967,1,130,1,0.315450412,8270.528052,1,0.358292631
201501,2015,1,0.014871795,1,0,0.266592825,1,130,1,0.312889678,7834.38616,1,0.329907208
201502,2015,2,0.023381257,1,0,0.253487203,1,130,1,0.312889678,8270.361208,1,0.329301209
201503,2015,3,0.029504188,1,0,0.258423634,1,130,1,0.312889678,8746.561004,1,0.328695209
201504,2015,4,0.043550124,1,0,0.308647274,1,130,1,0.312889678,9977.223733,1,0.327851856
201505,2015,5,0.046603467,1,0,0.361566214,1,130,1,0.235907614,10857.66535,1,0.319175838
201506,2015,6,0.057269687,1,0,0.431297257,1,130,1,0.235907614,11097.23804,1,0.306939518
201507,2015,7,0.066440486,1,0,0.444152119,1,130,1,0.235907614,10646.55521,1,0.294703198
201508,2015,8,0.062601515,1,0,0.409206624,1,130,1,0.235907614,10108.53495,1,0.283152418
201509,2015,9,0.069556528,1,0,0.340728878,1,130,1,0.393659495,8899.464693,1,0.297970291
201510,2015,10,0.059611398,1,0,0.284479616,1,130,1,0.393659495,8035.876451,1,0.33131206
201511,2015,11,0.072907242,1,0,0.246339573,1,130,1,0.393659495,7844.009804,1,0.36490355
201512,2015,12,0.095324694,1,0,0.240640318,1,130,1,0.393659495,8717.431071,1,0.39849504
201513,2015,13,0.097127995,1,0,0.25125793,1,130,1,0.393659495,8826.301187,1,0.423060944
201514,2015,14,0.099569856,1,0,0.285097804,1,130,1,0.401288348,8803.91166,1,0.427770558
201515,2015,15,0.071793509,1,0,0.286728944,1,130,1,0.401288348,8735.729808,1,0.431878467
201516,2015,16,0.077562988,1,0,0.288019709,1,130,1,0.401288348,9759.268013,1,0
201517,2015,17,0.068674099,1,0,0.302433255,1,130,1,0.401288348,8894.579521,1,0
201518,2015,18,0.066112585,1,0,0.312788845,1,130,1,0.392645871,8868.228349,1,0
201519,2015,19,0.044942874,1,0,0.302545273,1,130,1,0.392645871,8863.801159,1,0
201520,2015,20,0.032357204,1,0,0.30337866,0,130,1,0.392645871,8873.308457,1,0
201521,2015,21,0.021358624,1,0,0.301533813,0,130,1,0.392645871,8098.39421,0,0
201522,2015,22,0.019504462,1,0,0.260547557,0,130,1,0.346285916,8100.135512,0,0
201523,2015,23,0.028496751,1,0,0.26370419,0,130,1,0.346285916,8084.911638,0,0
201524,2015,24,0.022645048,1,0,0.262467848,0,130,1,0.346285916,8091.44534,0,0
201525,2015,25,0.019869581,1,0,0.260499484,0,130,1,0.346285916,8232.14472,0,0
201526,2015,26,0.00891099,1,0,0.265675483,0,130,1,0.346285916,7953.931054,0,0
201527,2015,27,0.010307889,1,0,0.264190308,0,130,1,0.336363073,7996.468871,0,0
201528,2015,28,0.009585553,1,0,0.266906115,0,130,1,0.336363073,8029.788991,0,0
201529,2015,29,0.013162467,1,0,0.275995301,0,130,1,0.336363073,8081.610422,0,0
201530,2015,30,0.022845644,1,0,0.282349093,0,130,1,0.336363073,8104.571949,0,0
201531,2015,31,0.027971703,1,0,0.287352612,0,130,1,0.337430045,8301.836892,0,0
201532,2015,32,0.026876745,1,0,0.294034654,0,130,1,0.337430045,8497.55189,0,0
201533,2015,33,0.019197626,1,0,0.300998227,0,130,1,0.337430045,8600.051558,0,0
201534,2015,34,0.025128605,1,0,0.306065966,0,130,1,0.337430045,8554.585893,0,0
201535,2015,35,0.023057206,1,0,0.304835691,0,130,1,0.337430045,8732.364448,0,0
201536,2015,36,0.027889628,1,0,0.300730076,0,130,1,0.361810366,8473.733507,0,0
201537,2015,37,0.018871384,1,0,0.299238421,0,130,1,0.361810366,8217.333007,0,0
201538,2015,38,0.019606605,1,0,0.289304118,0,130,1,0.361810366,9737.046556,0,0
201539,2015,39,0.011563299,1,0,0.317407728,0,130,1,0.361810366,9808.135326,0,0
201540,2015,40,0.012244808,1,0,0.37192851,0,130,1,0.408223668,9518.026996,1,0
201541,2015,41,0.014656169,1,0,0.363545554,0,130,1,0.408223668,9568.645102,1,0
201542,2015,42,0.025379309,1,0,0.356989668,0,130,1,0.408223668,9614.572654,1,0
201543,2015,43,0.025671899,1,0,0.344549367,0,130,1,0.408223668,7974.809157,1,0
201544,2015,44,0.026755226,1,0,0.277539268,0,130,1,0.391045412,7956.108773,1,0
201545,2015,45,0.020049866,1,0,0.264074737,0,130,1,0.391045412,7991.133824,1,0.426147503
201546,2015,46,0.023463583,1,0,0.270835467,1,130,1,0.391045412,7979.201938,1,0.425166962
201547,2015,47,0.028500536,1,0,0.278225924,1,130,1,0.391045412,7956.05672,1,0.424186421
201548,2015,48,0.044542269,1,0,0.27764633,1,130,1,0.391045412,7977.015278,1,0.416757087
201549,2015,49,0.046109244,1,0,0.277874621,1,130,1,0.337536742,7922.292279,1,0.400989506
201550,2015,50,0.042631897,1,0,0.278559792,1,130,1,0.337536742,7877.75728,1,0.385241936
201551,2015,51,0.041254143,1,0,0.279315736,1,130,1,0.337536742,7982.091887,1,0.369494366
201552,2015,52,0.059422959,1,0,0.283036863,1,130,1,0.337536742,8270.528052,1,0.355222116
201601,2016,1,0.089958095,1,0,0.269170969,1,130,1,0.321905596,7834.38616,1,0.334236934
201602,2016,2,0.114149828,1,0,0.254558757,1,130,1,0.321905596,8270.361208,1,0.330704892
201603,2016,3,0.142802648,1,0,0.255828647,1,130,1,0.321905596,8746.561004,1,0.327172849
201604,2016,4,0.163652446,1,0,0.29938289,1,130,1,0.321905596,9977.223733,1,0.323640807
201605,2016,5,0.180782075,1,0,0.353716443,1,130,1,0.269997385,10857.66535,1,0.317828932
201606,2016,6,0.199680982,1,0,0.423383332,1,130,1,0.269997385,11097.23804,1,0.310307183
201607,2016,7,0.231834995,1,0,0.445006243,1,130,1,0.269997385,10646.55521,1,0.302785433
201608,2016,8,0.257369183,1,0,0.418256487,1,130,1,0.269997385,10108.53495,1,0.295263684
201609,2016,9,0.277773206,1,0,0.347628274,1,130,1,0.269997385,8899.464693,1,0.300363735
201610,2016,10,0.29546965,1,0,0.293943636,1,130,1,0.4031022,8035.876451,1,0.325772301
201611,2016,11,0.308379543,1,0,0.247119013,1,130,1,0.4031022,7844.009804,1,0.351641382
201612,2016,12,0.320749893,1,0,0.240271386,1,130,1,0.4031022,8717.431071,1,0.377510464
201613,2016,13,0.293789065,1,0,0.244450301,1,130,1,0.4031022,8826.301187,1,0.400842981
201614,2016,14,0.255672208,1,0,0.278879009,1,130,1,0.412171466,8803.91166,1,0.408533353
201615,2016,15,0.200768297,1,0,0.286423926,1,130,1,0.412171466,8735.729808,1,0.413687162
201616,2016,16,0.15838241,1,0,0.287715441,1,130,1,0.412171466,9759.268013,1,0
201617,2016,17,0.114972661,1,0,0.291805188,1,130,1,0.412171466,8894.579521,1,0
201618,2016,18,0.076464576,1,0,0.319634927,1,130,1,0.405983027,8868.228349,1,0
201619,2016,19,0.048524508,1,0,0.30217766,1,130,1,0.405983027,8863.801159,1,0
201620,2016,20,0.037312161,1,0,0.302927182,0,130,1,0.405983027,8873.308457,1,0
201621,2016,21,0.036328876,1,0,0.303066931,0,130,1,0.405983027,8098.39421,0,0
201622,2016,22,0.027757465,1,0,0.272185675,0,130,1,0.405983027,8100.135512,0,0
201623,2016,23,0.022831025,1,0,0.262099208,0,130,1,0.369439219,8084.911638,0,0
201624,2016,24,0.009174659,1,0,0.263239679,0,130,1,0.369439219,8091.44534,0,0
201625,2016,25,0.004371585,1,0,0.260194209,0,130,1,0.369439219,8232.14472,0,0
201626,2016,26,0.006504152,1,0,0.263957076,0,130,1,0.369439219,7953.931054,0,0
201627,2016,27,0.006443247,1,0,0.265853286,0,130,1,0.373600411,7996.468871,0,0
201628,2016,28,0.010520719,1,0,0.264840333,0,130,1,0.373600411,8029.788991,0,0
201629,2016,29,0.006956186,1,0,0.273407637,0,130,1,0.373600411,8081.610422,0,0
201630,2016,30,0.007956714,1,0,0.280950554,0,130,1,0.373600411,8104.571949,0,0
201631,2016,31,0.007043799,1,0,0.285746156,0,130,1,0.383309861,8301.836892,0,0
201632,2016,32,0.007205109,1,0,0.292107088,0,130,1,0.383309861,8497.55189,0,0
201633,2016,33,0.006294924,1,0,0.299103596,0,130,1,0.383309861,8600.051558,0,0
201634,2016,34,0.003130367,1,0,0.304853321,0,130,1,0.383309861,8554.585893,0,0
201635,2016,35,0.002263887,1,0,0.305993189,0,130,1,0.383309861,8732.364448,0,0
201636,2016,36,0.001141553,1,0,0.301129992,0,130,1,0.394939861,8473.733507,0,0
201637,2016,37,0.003057261,1,0,0.300938064,0,130,1,0.394939861,8217.333007,0,0
201638,2016,38,0.002913713,1,0,0.291791185,0,130,1,0.394939861,9737.046556,0,0
201639,2016,39,0.002913713,1,0,0.299362426,0,130,1,0.394939861,9808.135326,0,0
201640,2016,40,0.001725806,1,0,0.365326372,0,130,1,0.451062613,9518.026996,1,0
201641,2016,41,0.000727802,1,0,0.367355745,0,130,1,0.451062613,9568.645102,1,0
201642,2016,42,0.001669422,1,0,0.358215859,0,130,1,0.451062613,9614.572654,1,0
201643,2016,43,0.00094162,1,0,0.352421593,0,130,1,0.451062613,7974.809157,1,0
201644,2016,44,0.002986609,1,0,0.29664363,0,130,1,0.451062613,7956.108773,1,0
201645,2016,45,0.00204499,1,0,0.262717298,0,130,1,0.405929678,7991.133824,1,0.441171766
201646,2016,46,0.00204499,1,0,0.268611199,1,130,1,0.405929678,7979.201938,1,0.434030933
201647,2016,47,0.001041667,1,0,0.27654519,1,130,1,0.405929678,7956.05672,1,0.4268901
201648,2016,48,0.002930241,1,0,0.278315704,1,130,1,0.405929678,7977.015278,1,0.418179164
201649,2016,49,0.004008989,1,0,0.277504179,1,130,1,0.366451696,7922.292279,1,0.40606012
201650,2016,50,0.005234896,1,0,0.278558279,1,130,1,0.366451696,7877.75728,1,0.394082117
201651,2016,51,0.012143976,1,0,0.278751037,1,130,1,0.366451696,7982.091887,1,0.382104114
201652,2016,52,0.016529709,1,0,0.282760543,1,130,1,0.366451696,8270.528052,1,0.370065501
201701,2017,1,0.024228912,1,0,0.274418418,1,130,1,0.300299403,7834.38616,1,0.357521099
201702,2017,2,0.02523518,1,0,0.25779288,1,130,1,0.300299403,8270.361208,1,0.342510466
201703,2017,3,0.034129673,1,0,0.252940354,1,130,1,0.300299403,8746.561004,1,0.327499834
201704,2017,4,0.033686705,1,0,0.282039476,1,130,1,0.300299403,9977.223733,1,0.312489201
201705,2017,5,0.037407048,1,0,0.339717873,1,130,1,0.300299403,10857.66535,1,0.304673752
201706,2017,6,0.042655917,1,0,0.403448156,1,130,1,0.30504743,11097.23804,1,0.312687704
201707,2017,7,0.068791022,1,0,0.444515337,1,130,1,0.30504743,10646.55521,1,0.321181336
201708,2017,8,0.086592059,1,0,0.432593813,1,130,1,0.30504743,10108.53495,1,0.329674967
201709,2017,9,0.110931148,1,0,0.36536587,1,130,1,0.30504743,8899.464693,1,0.343353006
201710,2017,10,0.113577042,1,0,0.313755653,1,130,1,0.419853669,8035.876451,1,0.36334056
201711,2017,11,0.136515306,1,0,0.253880503,1,130,1,0.419853669,7844.009804,1,0.381975015
201712,2017,12,0.147479434,1,0,0.242298269,1,130,1,0.419853669,8717.431071,1,0.40060947
201713,2017,13,0.173781367,1,0,0.242921305,1,130,1,0.419853669,8826.301187,1,0.418429193
201714,2017,14,0.170799852,1,0,0.273792389,1,130,1,0.429029632,8803.91166,1,0.426472128
201715,2017,15,0.168244814,1,0,0.286306086,1,130,1,0.429029632,8735.729808,1,0.431799288
201716,2017,16,0.151638072,1,0,0.287518256,1,130,1,0.429029632,9759.268013,1,0
201717,2017,17,0.141645044,1,0,0.288704538,1,130,1,0.429029632,8894.579521,1,0
201718,2017,18,0.125947165,1,0,0.320889218,1,130,1,0.411798026,8868.228349,1,0
201719,2017,19,0.116836054,1,0,0.301987311,1,130,1,0.411798026,8863.801159,1,0
201720,2017,20,0.094540383,1,0,0.302740537,0,130,1,0.411798026,8873.308457,1,0
201721,2017,21,0.070589964,1,0,0.303145335,0,130,1,0.411798026,8098.39421,0,0
201722,2017,22,0.036462979,1,0,0.279441661,0,130,1,0.411798026,8100.135512,0,0
201723,2017,23,0.020224448,1,0,0.260445376,0,130,1,0.382936421,8084.911638,0,0
201724,2017,24,0.010492916,1,0,0.263472747,0,130,1,0.382936421,8091.44534,0,0
201725,2017,25,0.010736016,1,0,0.260315227,0,130,1,0.382936421,8232.14472,0,0
201726,2017,26,0.01086304,1,0,0.263230002,0,130,1,0.382936421,7953.931054,0,0
201727,2017,27,0.013211663,1,0,0.266583906,0,130,1,0.372480091,7996.468871,0,0
201728,2017,28,0.0154306,1,0,0.263941022,0,130,1,0.372480091,8029.788991,0,0
201729,2017,29,0.023618867,1,0,0.271991196,0,130,1,0.372480091,8081.610422,0,0
201730,2017,30,0.021766275,1,0,0.280200256,0,130,1,0.372480091,8104.571949,0,0
201731,2017,31,0.018315918,1,0,0.285038097,0,130,1,0.372480091,8301.836892,0,0
201732,2017,32,0.018900819,1,0,0.29111938,0,130,1,0.381656054,8497.55189,0,0
201733,2017,33,0.021445444,1,0,0.298164357,0,130,1,0.381656054,8600.051558,0,0
201734,2017,34,0.024272519,1,0,0.304174874,0,130,1,0.381656054,8554.585893,0,0
201735,2017,35,0.02088197,1,0,0.306379802,0,130,1,0.381656054,8732.364448,0,0
201736,2017,36,0.015968876,1,0,0.301881777,0,130,1,0.406409816,8473.733507,0,0
201737,2017,37,0.012371219,1,0,0.301036851,0,130,1,0.406409816,8217.333007,0,0
201738,2017,38,0.007873234,1,0,0.293199258,0,130,1,0.406409816,9737.046556,0,0
201739,2017,39,0.008206263,1,0,0.293067582,0,130,1,0.406409816,9808.135326,0,0
201740,2017,40,0.013799248,1,0,0.359290696,0,270,1,0.439432613,9518.026996,1,0
201741,2017,41,0.035456499,1,0,0.369260008,0,270,1,0.439432613,9568.645102,1,0
201742,2017,42,0.059595165,1,0,0.358780657,0,270,1,0.439432613,9614.572654,1,0
201743,2017,43,0.086497012,1,0,0.353513141,0,270,1,0.439432613,7974.809157,1,0
201744,2017,44,0.115602747,1,0,0.30843865,0,270,1,0.439432613,7956.108773,1,0
201745,2017,45,0.133886948,1,0,0.262899397,0,270,1,0.427429173,7991.133824,1,0.442235367
201746,2017,46,0.172272274,1,0,0.267694513,1,270,1,0.427429173,7979.201938,1,0.442744598
201747,2017,47,0.214148039,1,0,0.275457885,1,270,1,0.427429173,7956.05672,1,0.44325383
201748,2017,48,0.259773849,1,0,0.27862461,1,270,1,0.427429173,7977.015278,1,0.442044942
201749,2017,49,0.277204719,1,0,0.277403853,1,270,1,0.380962522,7922.292279,1,0.430059115
201750,2017,50,0.304525836,1,0,0.278538725,1,270,1,0.380962522,7877.75728,1,0.416282421
201751,2017,51,0.320658355,1,0,0.278589952,1,270,1,0.380962522,7982.091887,1,0.402505728
201752,2017,52,0.320910589,1,0,0.281793901,1,270,1,0.380962522,8270.528052,1,0.388729034
201801,2018,1,0.297019226,1,0,0.277118099,1,270,1,0.340044128,7834.38616,1,0.346144985
201802,2018,2,0.315682858,1,0,0.259798002,1,270,1,0.340044128,8270.361208,1,0.337631806
201803,2018,3,0.367077935,1,0,0.252319284,1,270,1,0.340044128,8746.561004,1,0.329118628
201804,2018,4,0.387047352,1,0,0.274474656,1,270,1,0.340044128,9977.223733,1,0.320605449
201805,2018,5,0.376099076,1,0,0.333041798,1,270,1,0.340044128,10857.66535,1,0.311193484
201806,2018,6,0.311869841,1,0,0.392132694,1,270,1,0.251058623,11097.23804,1,0.29854589
201807,2018,7,0.300966955,1,0,0.443283323,1,270,1,0.251058623,10646.55521,1,0.28562866
201808,2018,8,0.264487956,1,0,0.437101404,1,270,1,0.251058623,10108.53495,1,0.272711429
201809,2018,9,0.254089183,1,0,0.376320989,1,270,1,0.251058623,8899.464693,1,0.266913992
201810,2018,10,0.210616492,1,0,0.321293136,1,270,1,0.439432613,8035.876451,1,0.294498149
201811,2018,11,0.173464391,1,0,0.259283438,1,270,1,0.439432613,7844.009804,1,0.328093413
201812,2018,12,0.129436613,1,0,0.242979972,1,270,1,0.439432613,8717.431071,1,0.361688677
201813,2018,13,0.087888386,1,0,0.241861765,1,270,1,0.439432613,8826.301187,1,0.394652324
201814,2018,14,0.056603661,1,0,0.268280831,1,270,1,0.437565412,8803.91166,1,0.406772643
201815,2018,15,0.041329304,1,0,0.286257558,1,270,1,0.437565412,8735.729808,1,0.409418721
201816,2018,16,0.017448707,1,0,0.287316775,1,270,1,0.437565412,9759.268013,1,0
201817,2018,17,0.013904493,1,0,0.287928923,1,270,1,0.437565412,8894.579521,1,0
201818,2018,18,0.009502924,1,0,0.318853503,1,270,1,0.437565412,8868.228349,1,0
201819,2018,19,0.010452592,1,0,0.302744938,1,270,1,0.429136329,8863.801159,1,0
201820,2018,20,0.007395828,1,0,0.302641941,0,270,1,0.429136329,8873.308457,1,0
201821,2018,21,0.004819586,1,0,0.303230588,0,270,1,0.429136329,8098.39421,0,0
201822,2018,22,0.00573472,1,0,0.286781044,0,270,1,0.429136329,8100.135512,0,0
201823,2018,23,0.005833899,1,0,0.258573509,0,270,1,0.390191834,8084.911638,0,0
201824,2018,24,0.003780511,1,0,0.263736369,0,270,1,0.390191834,8091.44534,0,0
201825,2018,25,0.001915709,1,0,0.260613218,0,270,1,0.390191834,8232.14472,0,0
201826,2018,26,0.002902758,1,0,0.262473612,0,270,1,0.390191834,7953.931054,0,0
201827,2018,27,0.002902758,1,0,0.26693186,0,270,1,0.381496008,7996.468871,0,0
201828,2018,28,0.002902758,1,0,0.26340391,0,270,1,0.381496008,8029.788991,0,0
201829,2018,29,0,1,0,0.270603334,0,270,1,0.381496008,8081.610422,0,0
201830,2018,30,0,1,0,0.279308873,0,270,1,0.381496008,8104.571949,0,0
201831,2018,31,0,1,0,0.284400638,0,270,1,0.381496008,8301.836892,0,0
201832,2018,32,0,1,0,0.290093124,0,270,1,0.381922797,8497.55189,0,0
201833,2018,33,0,1,0,0.297193701,0,270,1,0.381922797,8600.051558,0,0
201834,2018,34,0,1,0,0.303436116,0,270,1,0.381922797,8554.585893,0,0
201835,2018,35,0,1,0,0.306671477,0,270,1,0.381922797,8732.364448,0,0
201836,2018,36,0,1,0,0.302607443,0,270,1,0.417719724,8473.733507,0,0
201837,2018,37,0,1,0,0.300987257,0,270,1,0.417719724,8217.333007,0,0
201838,2018,38,0,1,0,0.294719572,0,270,1,0.417719724,9737.046556,0,0
201839,2018,39,0,1,0,0.288922215,0,270,1,0.417719724,9808.135326,0,0
201840,2018,40,0,1,0,0.351248918,0,270,1,0.466587063,9518.026996,1,0
201841,2018,41,0,1,0,0.370875365,0,270,1,0.466587063,9568.645102,1,0
201842,2018,42,0.00255102,1,0,0.359622643,0,270,1,0.466587063,9614.572654,1,0
201843,2018,43,0.005246438,1,0,0.35443661,0,270,1,0.466587063,7974.809157,1,0
201844,2018,44,0.005246438,1,0,0.319382341,0,270,1,0.466587063,7956.108773,1,0
201845,2018,45,0.00348344,1,0,0.264262429,0,270,1,0.45196954,7991.133824,1,0.430008594
201846,2018,46,0.001603018,1,0,0.266815335,1,270,1,0.45196954,7979.201938,1,0.430101828
201847,2018,47,0.003261393,1,0,0.274314868,1,270,1,0.45196954,7956.05672,1,0.430195063
201848,2018,48,0.00679116,1,0,0.278792189,1,270,1,0.45196954,7977.015278,1,0.42918729
201849,2018,49,0.020972756,1,0,0.27737397,1,270,1,0.380749127,7922.292279,1,0.414927472
201850,2018,50,0.046525265,1,0,0.278457762,1,270,1,0.380749127,7877.75728,1,0.396975432
201851,2018,51,0.092739391,1,0,0.278474691,1,270,1,0.380749127,7982.091887,1,0.379023391
201852,2018,52,0.160536176,1,0,0.280847806,1,270,1,0.380749127,8270.528052,1,0.361071351
201901,2019,1,0.259031506,1,0,0.279456793,1,270,1,0.325159861,7834.38616,1,0.358541424
201902,2019,2,0.368356222,1,0,0.261946406,1,270,1,0.325159861,8270.361208,1,0.346551744
201903,2019,3,0.422615187,1,0,0.252199457,1,270,1,0.325159861,8746.561004,1,0.334562063
201904,2019,4,0.404018852,1,0,0.267853853,1,270,1,0.325159861,9977.223733,1,0.322572382
201905,2019,5,0.359582351,1,0,0.325918686,1,270,1,0.325159861,10857.66535,1,0.312069293
201906,2019,6,0.312825368,1,0,0.380869103,1,270,1,0.294324357,11097.23804,1,0.310733518
201907,2019,7,0.291659263,1,0,0.440888423,1,270,1,0.294324357,10646.55521,1,0.310884334
201908,2019,8,0.282584085,1,0,0.440307381,1,270,1,0.294324357,10108.53495,1,0.31103515
201909,2019,9,0.279707027,1,0,0.387820011,1,270,1,0.294324357,8899.464693,1,0.314205192
201910,2019,10,0.293845964,1,0,0.327879352,1,270,1,0.440179494,8035.876451,1,0.335907609
201911,2019,11,0.271058965,1,0,0.266446255,1,270,1,0.440179494,7844.009804,1,0.360564616
201912,2019,12,0.270095996,1,0,0.243845209,1,270,1,0.440179494,8717.431071,1,0.385221622
201913,2019,13,0.248214651,1,0,0.241139199,1,270,1,0.440179494,8826.301187,1,0.409878629
201914,2019,14,0.252643164,1,0,0.262464558,1,270,1,0.441033072,8803.91166,1,0.422362996
201915,2019,15,0.238034115,1,0,0.286231386,1,270,1,0.441033072,8735.729808,1,0.425717882
201916,2019,16,0.217871962,1,0,0.287106465,1,270,1,0.441033072,9759.268013,1,0
201917,2019,17,0.199895947,1,0,0.287970385,1,270,1,0.441033072,8894.579521,1,0
201918,2019,18,0.197232055,1,0,0.314958434,1,270,1,0.441033072,8868.228349,1,0
201919,2019,19,0.184878118,1,0,0.304509841,1,270,1,0.414625503,8863.801159,1,0
201920,2019,20,0.173149878,1,0,0.302597031,0,270,1,0.414625503,8873.308457,1,0
201921,2019,21,0.143861105,1,0,0.303349422,0,270,1,0.414625503,8098.39421,0,0
201922,2019,22,0.132958434,1,0,0.293118528,0,270,1,0.414625503,8100.135512,0,0
201923,2019,23,0.093383709,1,0,0.257622097,0,270,1,0.399581192,8084.911638,0,0
201924,2019,24,0.076012614,1,0,0.263956325,0,270,1,0.399581192,8091.44534,0,0
201925,2019,25,0.052891813,1,0,0.261182542,0,270,1,0.399581192,8232.14472,0,0
201926,2019,26,0.038364058,1,0,0.261626803,0,270,1,0.399581192,7953.931054,0,0
201927,2019,27,0.023133203,1,0,0.267048246,0,270,1,0.376908027,7996.468871,0,0
201928,2019,28,0.023508432,1,0,0.263118945,0,270,1,0.376908027,8029.788991,0,0
201929,2019,29,0.026486168,1,0,0.269299824,0,270,1,0.376908027,8081.610422,0,0
201930,2019,30,0.023942839,1,0,0.278301697,0,270,1,0.376908027,8104.571949,0,0
201931,2019,31,0.015995782,1,0,0.283741922,0,270,1,0.376908027,8301.836892,0,0
201932,2019,32,0.009870309,1,0,0.289114975,0,270,1,0.378935275,8497.55189,0,0
201933,2019,33,0.005121971,1,0,0.296154294,0,270,1,0.378935275,8600.051558,0,0
201934,2019,34,0.003028,1,0,0.30264902,0,270,1,0.378935275,8554.585893,0,0
201935,2019,35,0.003057579,1,0,0.306746683,0,270,1,0.378935275,8732.364448,0,0
201936,2019,36,0.005187505,1,0,0.303346023,0,270,1,0.411424585,8473.733507,0,0
201937,2019,37,0.003191497,1,0,0.300877233,0,270,1,0.411424585,8217.333007,0,0
201938,2019,38,0.002995726,1,0,0.296303086,0,270,1,0.411424585,9737.046556,0,0
201939,2019,39,0.00341033,1,0,0.287788047,0,270,1,0.411424585,9808.135326,0,0
201940,2019,40,0.00341033,1,0,0.340213691,0,270,1,0.411424585,9518.026996,1,0
201941,2019,41,0.00422379,1,0,0.372439207,0,270,1,0.464239724,9568.645102,1,0
201942,2019,42,0.001679261,1,0,0.360624384,0,270,1,0.464239724,9614.572654,1,0
201943,2019,43,0.005244324,1,0,0.355378606,0,270,1,0.464239724,7974.809157,1,0
201944,2019,44,0.007120618,1,0,0.329178936,0,270,1,0.464239724,7956.108773,1,0
201945,2019,45,0.010096808,1,0,0.266993914,0,270,1,0.450689173,7991.133824,1,0.443745086
201946,2019,46,0.026551766,1,0,0.265895714,1,270,1,0.450689173,7979.201938,1,0.444062663
201947,2019,47,0.043016231,1,0,0.273146844,1,270,1,0.450689173,7956.05672,1,0.44438024
201948,2019,48,0.058872432,1,0,0.278759477,1,270,1,0.450689173,7977.015278,1,0.444362112
201949,2019,49,0.067989941,1,0,0.27741315,1,270,1,0.389444953,7922.292279,1,0.433084232
201950,2019,50,0.078806925,1,0,0.278301019,1,270,1,0.389444953,7877.75728,1,0.416634666
201951,2019,51,0.118600999,1,0,0.27846017,1,270,1,0.389444953,7982.091887,1,0.4001851
201952,2019,52,0.198352359,1,0,0.280239323,1,270,1,0.389444953,8270.528052,1,0.383735534
202001,2020,1,0.22641763,1,0,0.283224371,1,270,1,0.261301559,9312.088774,1,0.358622061
202002,2020,2,0.234243469,1,0,0.257784665,1,270,1,0.261301559,9545.003996,1,0.346689062
202003,2020,3,0.207379013,1,0,0.253434992,1,270,1,0.261301559,8735.036051,1,0.334840887
202004,2020,4,0.171152474,0,1,0.269190656,1,270,1,0.261301559,7489.007166,1,0.322992712
202005,2020,5,0.129261573,0,1,0.327508088,1,270,1,0.261301559,10757.5225,1,0.31123282
202006,2020,6,0.04723714,0,1,0.378861433,1,270,1,0.294324357,11045.48577,1,0.300532321
202007,2020,7,0.024561404,0,1,0.442169186,1,270,1,0.294324357,10989.3758,1,0.290126097
202008,2020,8,0,0,1,0.447497044,1,270,1,0.294324357,10935.44297,1,0.279719874
202009,2020,9,0,0,1,0.406968111,1,270,1,0.294324357,10615.26999,1,0.270023368
202010,2020,10,0,0,1,0.351852905,1,270,1,0.440179494,9856.561952,1,0.288207342
202011,2020,11,0,0,1,0.30400693,1,270,1,0.440179494,10047.59285,1,0.322983489
202012,2020,12,0,0,1,0.284103704,1,270,1,0.440179494,10636.32571,1,0.357759636
202013,2020,13,0,0,1,0.288233858,1,270,1,0.440179494,10715.27602,1,0.392535782
202014,2020,14,0,0,1,0.30526287,1,270,1,0.440179494,10674.11686,1,0.417721858
202015,2020,15,0,0,1,0.339453927,1,270,1,0.441033072,9839.309619,1,0.421809777
202016,2020,16,0,0,1,0.34321976,1,270,1,0.441033072,10724.54529,1,0
202017,2020,17,0,0,1,0.34666432,1,270,1,0.441033072,10688.98762,1,0
202018,2020,18,0,0,1,0.354653389,1,270,1,0.441033072,10498.9944,1,0
202019,2020,19,0,0,1,0.343617135,1,270,1,0.414625503,10350.78534,1,0
202020,2020,20,0,0,1,0.325158736,0,270,1,0.414625503,10229.80511,1,0
202021,2020,21,0,0,1,0.31879876,0,270,1,0.414625503,9386.578054,0,0
202022,2020,22,0,0,1,0.311624386,0,270,1,0.414625503,9128.406609,0,0
202023,2020,23,0,0,1,0.289863669,0,270,1,0.399581192,9049.42561,0,0
202024,2020,24,0,0,1,0.288386051,0,270,1,0.399581192,9365.22222,0,0
202025,2020,25,0,0,1,0.28765996,0,270,1,0.399581192,9360.39083,0,0
202026,2020,26,0,0,1,0.296569663,0,270,1,0.399581192,9422.044831,0,0
202027,2020,27,0,0,1,0.301619626,0,270,1,0.399581192,9702.068277,0,0
202028,2020,28,0,0,1,0.296380446,0,270,1,0.376908027,9887.555834,0,0
202029,2020,29,0,0,1,0.296958684,0,270,1,0.376908027,9737.446279,0,0
202030,2020,30,0,0,1,0.300695889,0,270,1,0.376908027,9986.006115,0,0
202031,2020,31,0,0,1,0.292769115,0,270,1,0.376908027,10276.39817,0,0
202032,2020,32,0,0,1,0.304827102,0,270,1,0.378935275,10334.41716,0,0
202033,2020,33,0,0,1,0.321099803,0,270,1,0.378935275,10530.10439,0,0
202034,2020,34,0,0,1,0.333205354,0,270,1,0.378935275,10498.63589,0,0
202035,2020,35,0,0,1,0.346785357,0,270,1,0.378935275,10390.28494,0,0
202036,2020,36,0,0,1,0.354724818,0,270,1,0.378935275,10212.49039,0,0
202037,2020,37,0,0,1,0.353603943,0,270,1,0.411424585,10085.90289,0,0
202038,2020,38,0,0,1,0.347224053,0,270,1,0.411424585,11788.25601,0,0
202039,2020,39,0,0,1,0.33967536,0,270,1,0.411424585,12766.94167,0,0
202040,2020,40,0,0,1,0.377182995,0,270,1,0.411424585,12849.05028,1,0
202041,2020,41,0,0,1,0.44582383,0,270,1,0.464239724,12924.01933,1,0
202042,2020,42,0,0,1,0.454360942,0,270,1,0.464239724,12982.62211,1,0
202043,2020,43,0,0,1,0.456606425,0,270,1,0.464239724,11188.50056,1,0
202044,2020,44,0,0,1,0.44592832,0,270,1,0.464239724,10320.52717,1,0
202045,2020,45,0,0,1,0.364505181,0,270,1,0.450689173,10352.29823,1,0.439491888
202046,2020,46,0,0,1,0.340865655,1,270,1,0.450689173,10324.3759,1,0.43888248
202047,2020,47,0,0,1,0.343165428,1,270,1,0.450689173,10319.98268,1,0.438273071
202048,2020,48,0,0,1,0.337892523,1,270,1,0.450689173,10271.65317,1,0.437663662
202049,2020,49,0,0,1,0.33626363,1,270,1,0.450689173,10172.10828,1,0.431119294
202050,2020,50,0,0,1,0.334774808,1,270,1,0.389444953,10112.95566,1,0.416823328
202051,2020,51,0,0,1,0.332428355,1,270,1,0.389444953,10339.91872,1,0.402539798
202052,2020,52,0,0,1,0.335456459,1,270,1,0.389444953,10190.89161,1,0.388256269
202053,2020,53,0,0,1,0.346813507,1,270,1,0.389444953,10225.99083,1,0.374067987
202101,2021,1,0,0,1,0.272532736,1,270,1,0.261301559,10313.37378,1,0.348526304
202102,2021,2,0,0,1,0.273480912,1,270,1,0.261301559,10330.25645,1,0.335468015
202103,2021,3,0,0,1,0.278378981,1,270,1,0.261301559,9915.683947,1,0.322409726
202104,2021,4,0,0,1,0.283525772,1,270,1,0.261301559,9717.079666,1,0.309351436
202105,2021,5,0,0,1,0.274273155,1,270,1,0.294324357,10657.37966,1,0.298110843
202106,2021,6,0,0,1,0.275266095,1,270,1,0.294324357,10993.7335,1,0.288233521
202107,2021,7,0,0,1,0.291618009,1,270,1,0.294324357,11332.19639,1,0.2783562
202108,2021,8,0,0,1,0.301339269,1,270,1,0.294324357,11762.351,1,0.268478878
202109,2021,9,0,0,1,0.3097329,1,270,1,0.440179494,12331.07528,1,0.280204634
202110,2021,10,0,0,1,0.309866416,1,270,1,0.440179494,11677.24745,1,0.313877671
202111,2021,11,0,0,1,0.305751081,1,270,1,0.440179494,12251.1759,1,0.348155442
202112,2021,12,0,0,1,0.288168527,1,270,1,0.440179494,12555.22034,1,0.382433213
202113,2021,13,0,0,1,0.289766383,1,270,1,0.440179494,12604.25085,1,0.41038834
202114,2021,14,0,0,1,0.315576098,1,270,1,0.441033072,12544.32206,1,0.415581947
202115,2021,15,0,0,1,0.316061836,1,270,1,0.441033072,13571.97928,1,0.418878761
202116,2021,16,0,0,1,0.317557772,1,270,1,0.441033072,13607.83894,1,0
202117,2021,17,0,0,1,0.328877911,1,270,1,0.441033072,13214.49228,1,0
202118,2021,18,0,0,1,0.3632253,1,270,1,0.414625503,13154.65111,1,0
202119,2021,19,0,0,1,0.360907528,1,270,1,0.414625503,13082.02411,1,0
202120,2021,20,0,0,1,0.360497838,0,270,1,0.414625503,11720.76778,1,0
202121,2021,21,0,0,1,0.361406055,0,270,1,0.414625503,10845.47184,0,0
202122,2021,22,0,0,1,0.306588782,0,270,1,0.414625503,10647.94645,0,0
202123,2021,23,0,0,1,0.284460666,0,270,1,0.399581192,10371.01956,0,0
202124,2021,24,0,0,1,0.295546826,0,270,1,0.399581192,10397.55161,0,0
202125,2021,25,0,0,1,0.294094274,0,270,1,0.399581192,10756.28283,0,0
202126,2021,26,0,0,1,0.292156903,0,270,1,0.399581192,9925.807217,0,0
202127,2021,27,0,0,1,0.28087804,0,270,1,0.376908027,9917.453775,0,0
202128,2021,28,0,0,1,0.260743885,0,270,1,0.376908027,9906.703552,0,0
202129,2021,29,0,0,1,0.253220211,0,270,1,0.376908027,9737.446279,0,0
202130,2021,30,0,0,1,0.247380017,0,270,1,0.376908027,9986.006115,0,0
202131,2021,31,0,0,1,0.257191196,0,270,1,0.378935275,10276.39817,0,0
202132,2021,32,0,0,1,0.275948091,0,270,1,0.378935275,10334.41716,0,0
202133,2021,33,0,0,1,0.292503739,0,270,1,0.378935275,10530.10439,0,0
202134,2021,34,0,0,1,0.308835216,0,270,1,0.378935275,10498.63589,0,0
202135,2021,35,0,0,1,0.321267323,0,270,1,0.378935275,10390.28494,0,0
202136,2021,36,0,0,1,0.322795229,0,270,1,0.411424585,10212.49039,0,0
202137,2021,37,0,0,1,0.320022975,0,270,1,0.411424585,10085.90289,0,0
202138,2021,38,0,0,1,0.315750812,0,270,1,0.411424585,11788.25601,0,0
202139,2021,39,0,0,1,0.337337124,0,270,1,0.411424585,12766.94167,0,0
202140,2021,40,0,0,1,0.401700462,0,270,1,0.464239724,12849.05028,1,0
202141,2021,41,0,0,1,0.419585476,0,270,1,0.464239724,12924.01933,1,0
202142,2021,42,0,0,1,0.428667463,0,270,1,0.464239724,12982.62211,1,0
202143,2021,43,0,0,1,0.433973074,0,270,1,0.464239724,11188.50056,1,0
202144,2021,44,0,0,1,0.371956073,0,270,1,0.450689173,10320.52717,1,0
202145,2021,45,0,0,1,0.338709808,0,270,1,0.450689173,10352.29823,1,0.43322024
202146,2021,46,0,0,1,0.333095168,1,270,1,0.450689173,10324.3759,1,0.432776196
202147,2021,47,0,0,1,0.321879351,1,270,1,0.450689173,10319.98268,1,0.432332152
202148,2021,48,0,0,1,0.314081511,1,270,1,0.450689173,10271.65317,1,0.427822099
202149,2021,49,0,0,1,0.313045494,1,270,1,0.389444953,10172.10828,1,0.414493693
202150,2021,50,0,0,1,0.312031719,1,270,1,0.389444953,10112.95566,1,0.400915366
202151,2021,51,0,0,1,0.313835855,1,270,1,0.389444953,10339.91872,1,0.387337038
202152,2021,52,0,0,1,0.321352982,1,270,1,0.389444953,10190.89161,1,0.373712018
202201,2022,1,0,0,1,0.287399164,1,270,1,0.261301559,10313.37378,1,0.357215487
202202,2022,2,0,0,1,0.280580195,1,270,1,0.261301559,10330.25645,1,0.342966711
202203,2022,3,0,0,1,0.277603397,1,270,1,0.261301559,9915.683947,1,0.328717935
202204,2022,4,0,0,1,0.275646534,1,270,1,0.261301559,9717.079666,1,0.314469159
202205,2022,5,0,0,1,0.263668711,1,270,1,0.261301559,10657.37966,1,0.301325061
202206,2022,6,0,0,1,0.26442557,1,270,1,0.294324357,10993.7335,1,0.289653868
202207,2022,7,0,0,1,0.275969147,1,270,1,0.294324357,11332.19639,1,0.277982674
202208,2022,8,0,0,1,0.287167843,1,270,1,0.294324357,11762.351,1,0.266311481
202209,2022,9,0,0,1,0.297168142,1,270,1,0.294324357,12331.07528,1,0.271818213
202210,2022,10,0,0,1,0.303428345,1,270,1,0.440179494,11677.24745,1,0.307136286
202211,2022,11,0,0,1,0.308567067,1,270,1,0.440179494,12251.1759,1,0.343883484
202212,2022,12,0,0,1,0.29637139,1,270,1,0.440179494,12555.22034,1,0.380630683
202213,2022,13,0,0,1,0.300600096,1,270,1,0.440179494,12604.25085,1,0.413274755
202214,2022,14,0,0,1,0.32614436,1,270,1,0.441033072,12544.32206,1,0.420616213
202215,2022,15,0,0,1,0.329222587,1,270,1,0.441033072,13571.97928,1,0.423854544
202216,2022,16,0,0,1,0.332691511,1,270,1,0.441033072,13607.83894,1,0
202217,2022,17,0,0,1,0.338077508,1,270,1,0.441033072,13214.49228,1,0
202218,2022,18,0,0,1,0.376350619,1,270,1,0.414625503,13154.65111,1,0
202219,2022,19,0,0,1,0.375581406,1,270,1,0.414625503,13082.02411,1,0
202220,2022,20,0,0,1,0.376726544,0,270,1,0.414625503,11720.76778,1,0
202221,2022,21,0,0,1,0.379440521,0,270,1,0.414625503,10845.47184,0,0
202222,2022,22,0,0,1,0.34027449,0,270,1,0.414625503,10647.94645,0,0
202223,2022,23,0,0,1,0.306894923,0,270,1,0.399581192,10371.01956,0,0
202224,2022,24,0,0,1,0.314060044,0,270,1,0.399581192,10397.55161,0,0
202225,2022,25,0,0,1,0.310077125,0,270,1,0.399581192,10756.28283,0,0
202226,2022,26,0,0,1,0.305550334,0,270,1,0.399581192,9925.807217,0,0
202227,2022,27,0,0,1,0.29018415,0,270,1,0.376908027,9917.453775,0,0
202228,2022,28,0,0,1,0.267310335,0,270,1,0.376908027,9906.703552,0,0
202229,2022,29,0,0,1,0.252436302,0,270,1,0.376908027,9737.446279,0,0
202230,2022,30,0,0,1,0.240989377,0,270,1,0.376908027,9986.006115,0,0
202231,2022,31,0,0,1,0.247632395,0,270,1,0.378935275,10276.39817,0,0
202232,2022,32,0,0,1,0.269934406,0,270,1,0.378935275,10334.41716,0,0
202233,2022,33,0,0,1,0.290958235,0,270,1,0.378935275,10530.10439,0,0
202234,2022,34,0,0,1,0.310754109,0,270,1,0.378935275,10498.63589,0,0
202235,2022,35,0,0,1,0.328136716,0,270,1,0.378935275,10390.28494,0,0
202236,2022,36,0,0,1,0.332067185,0,270,1,0.411424585,10212.49039,0,0
202237,2022,37,0,0,1,0.331515644,0,270,1,0.411424585,10085.90289,0,0
202238,2022,38,0,0,1,0.329107011,0,270,1,0.411424585,11788.25601,0,0
202239,2022,39,0,0,1,0.342295099,0,270,1,0.411424585,12766.94167,0,0
202240,2022,40,0,0,1,0.407115198,0,270,1,0.464239724,12849.05028,1,0
202241,2022,41,0,0,1,0.433937251,0,270,1,0.464239724,12924.01933,1,0
202242,2022,42,0,0,1,0.44848283,0,270,1,0.464239724,12982.62211,1,0
202243,2022,43,0,0,1,0.462523913,0,270,1,0.464239724,11188.50056,1,0
202244,2022,44,0,0,1,0.416604617,0,270,1,0.464239724,10320.52717,1,0
202245,2022,45,0,0,1,0.372050788,0,270,1,0.450689173,10352.29823,1,0.439213119
202246,2022,46,0,0,1,0.359664211,1,270,1,0.450689173,10324.3759,1,0.438916174
202247,2022,47,0,0,1,0.343640465,1,270,1,0.450689173,10319.98268,1,0.438619229
202248,2022,48,0,0,1,0.329622136,1,270,1,0.450689173,10271.65317,1,0.435652423
202249,2022,49,0,0,1,0.327879457,1,270,1,0.389444953,10172.10828,1,0.423167446
202250,2022,50,0,0,1,0.327783555,1,270,1,0.389444953,10112.95566,1,0.409906963
202251,2022,51,0,0,1,0.328906306,1,270,1,0.389444953,10339.91872,1,0.39664648
202252,2022,52,0,0,1,0.286789218,1,270,1,0.389444953,10190.89161,1,0.329428435
